Canzone,Artista,Anno ultimo rilascio,Durata (min),Popolarità
Lasciami cantare una canzone,Achille Togliani,2012,"3,44895",20
Vecchio scarpone,I Girasoli,2011,"3,03325",26
Vecchia villa comunale,Gino Latilla,2015,"3,948666667",0
No Pierrot,Aurelio Fierro,2009,"3,661483333",0
Il passerotto,Ciansunier,2017,"2,712433333",3
Sussurrando buonanotte,Nilla Pizzi,2020,"3,782933333",0
Tamburino del reggimento,Luciano Taioli,2017,"2,867616667",3
Papà Pacifico,Nilla Pizzi,2011,"2,871716667",0
Acque amare,Carla Boni,2014,"3,4168",20
Buona sera,Fred Buscaglione,1987,"2,626666667",46
Canto della solitudine,Federico Del Frate,2024,"2,821216667",0
Domandatelo,Giacomo Puccini,1964,"2,5",3
Innamorami,Lady Paradise,2022,1,0
La mamma che piange di più,Giorgio Consolini,2012,"3,492433333",0
La pianola stonata,Achille Togliani,2012,"3,20555",0
L'altra,Måneskin,2018,"2,111766667",67
Povero amico mio,Carlo Buti,1935,"3,51755",2
Qualcuno cammina,Rosita Brucoli,2023,"3,445",2
Papaveri e papere,Nilla Pizzi,2014,"2,94355",33
Una donna prega,Nilla Pizzi,2021,"4,427316667",1
Madonna delle rose,Claudio Villa,1959,"3,319333333",13
Un disco dall'Italia,Gino Bechi,1970,"2,045316667",0
L'attesa,Daniela Picciau,2022,"4,358066667",18
Perché le donne belle,Paolo Bellasio,2023,"1,7691",0
Vecchie mura,Achille Togliani,2012,"3,44755",0
Libro di novelle,Achille Togliani,2012,"3,480666667",0
Nel regno dei sogni,Nilla Pizzi,2006,"3,304433333",5
Al ritmo della carrozzella,Duo Fasano,2011,"2,9048",0
Buonanotte (Ai bimbi del mondo),Nilla Pizzi,1940,"3,401133333",0
Cantate e sorridete,Oscar Carboni,2022,"2,809766667",0
Due gattini,Duo Fasano,2012,"3,55355",1
Il valzer di Nonna Speranza,Nilla Pizzi,2011,"3,520433333",0
La collanina,Lucio Battisti,1973,"4,9251",58
Malinconica tarantella,Claudio Villa,2022,"3,47955",0
Ninna nanna ai sogni perduti,Acqua Curativa,2017,"3,723516667",0
Pura fantasia,Julieta Venegas,2022,"3,798683333",33
Vecchio tram,Trattoria Italiana,2022,"2,680833333",42
Campanaro,Nilla Pizzi,2011,"4,018883333",4
Lasciami cantare una canzone,Achille Togliani,2012,"3,44895",20
Vecchio scarpone,I Girasoli,2011,"3,03325",26
Vecchia villa comunale,Gino Latilla,2015,"3,948666667",0
No Pierrot,Aurelio Fierro,2009,"3,661483333",0
Il passerotto,Ciansunier,2017,"2,712433333",3
Sussurrando buonanotte,Nilla Pizzi,2020,"3,782933333",0
Tamburino del reggimento,Luciano Taioli,2017,"2,867616667",3
Papà Pacifico,Nilla Pizzi,2011,"2,871716667",0
Acque amare,Carla Boni,2014,"3,4168",20
Buona sera,Fred Buscaglione,1987,"2,626666667",46
Canto della solitudine,Federico Del Frate,2024,"2,821216667",0
Domandatelo,Giacomo Puccini,1964,"2,5",3
Innamorami,Lady Paradise,2022,1,0
La mamma che piange di più,Giorgio Consolini,2012,"3,492433333",0
La pianola stonata,Achille Togliani,2012,"3,20555",0
L'altra,Måneskin,2018,"2,111766667",67
Povero amico mio,Carlo Buti,1935,"3,51755",2
Qualcuno cammina,Rosita Brucoli,2023,"3,445",2
Canzone da due soldi,Nilla Pizzi,2011,"2,7711",19
...e la barca tornò sola,Renato Carosone,1995,"2,282216667",20
Notturno (Per chi non ha nessuno),Vittoria Mongardi,2013,"3,850433333",0
Non è mai troppo tardi,Federico Rossi,2021,"2,702466667",52
Aveva un bavero,Quartetto Cetra,2014,"3,779766667",14
Sotto l'ombrello,Matteo Tarantino,2008,"4,182",2
Mogliettina,Renzo Arbore,2009,"5,468883333",25
Con te,Andrea Bocelli,1995,"4,18305",50
Donnina sola,Mia Martini,1972,"3,536216667",25
Angeli senza cielo,Flo Sandon's,1947,"4,197783333",7
Arriva il direttore,Quartetto Cetra,2009,"2,666216667",6
Berta filava,Rino Gaetano,1976,"3,686216667",59
Canzoni alla sbarra,Quartetto Cetra,2009,"3,120216667",5
Cirillino-Ci,Quartetto Cetra,1955,"3,770533333",5
Gioia di vivere,Vibrazioni Positive 432Hz,2023,"3,307183333",4
Piripicchio e Piripicchia,Quartetto Cetra,2009,"2,940883333",4
Rose (Oggi i tempi son cambiati),Vittoria Mongardi,2012,"3,286666667",0
Un diario,Quartetto Cetra,2020,"3,615766667",1
Una bambina sei tu,Claudio Villa,2021,"3,314483333",0
Il torrente,Torrente,2024,"3,296733333",0
Canto nella valle,Le Nostre Valli,2023,"4,152216667",20
Incantatella,Narciso Parigi,2022,"4,259766667",3
Un cuore,Francesca Michielin,2016,"3,538666667",44
L'ombra,Spia,2019,"3,83605",13
Ci ciu cì (Cantava un usignol),Natalino Otto,2022,"3,462516667",0
Una fotografia nella cornice,Natalino Otto,1953,"3,0532",4
Cantilena del trainante,Antonio Basurto,2014,"5,36555",0
Che fai tu luna in ciel,Irena Kowalska,2023,"2,45",0
Era un omino,I Campagnoli Belli,2009,"3,868433333",2
I tre timidi,Nuccia,2009,"3,617333333",0
Il primo viaggio,Paolo Bacilieri,2014,"2,72325",19
Non penserò che a te,Gianni Ravera,2014,"4,164066667",0
Sentiero,Valo B,2024,"3,2024",8
Zucchero e pepe,Bruno Rosettani,2014,"3,173433333",21
Amami se vuoi,Tonina Torielli,2014,"3,219583333",27
La vita è un paradiso di bugie,Quartetto Cetra,2009,"2,5771",13
Il cantico del cielo,Fiorella Bini,2015,"3,468883333",2
La colpa fu,El Canfin,2007,"2,971766667",27
Il bosco innamorato,Quartetto Cetra,1955,"2,9764",1
Albero caduto,Quartetto Cetra,2020,"3,01",0
Musetto (La più bella sei tu),Gianni Marzocchi,2012,"2,86155",1
Nota per nota,Zucchero,2004,"3,382433333",40
Due teste sul cuscino,Claudio Villa,2019,"3,41185",0
Anima gemella,Gemelli Diversi,2000,"4,011766667",38
È bello,Dorsa,2023,"3,104416667",0
Ho detto al sole,Gigi Proietti,2002,"3,990883333",12
Il trenino del destino,Franca Raimondi,2014,"2,913266667",0
Il trenino di latta verde,Natalino Otto,2021,"2,5931",0
Lucia e Tobia,Quartetto Cetra,2020,"3,198",0
Lui e lei,Razzi Totali,2006,"1,130666667",0
Parole e musica,Ligabue,2023,"3,1227",43
Qualcosa è rimasto,Mondo Marcio,2004,"3,7711",23
Sogni d'or,Franca Raimondi,2014,"2,664116667",0
Usignolo,Claudio Villa,2008,"3,614216667",12
Scusami,Max Pasquarelli,2023,"4,08",27
Casetta in Canadà,Big Boys,2001,"2,877766667",26
Cancello tra le rose,Giorgio Consolini,1997,"3,493333333",6
Il pericolo numero uno,Renato Carosone,2007,"2,782883333",20
Intorno a te (È sempre primavera),Tonina Torrielli,2010,"3,272266667",0
Per una volta ancora,Cecco e Cipo,2022,"3,404016667",33
Un filo di speranza,Gino Latilla,2000,"3,62",2
Le trote blu,Giorgio Consolini,2019,"3,643766667",2
A poco a poco,Anna Oxa,1978,"4,171766667",53
Ancora ci credo,xDiemondx,2022,"2,351183333",19
Estasi,Gaia,2023,"2,66875",50
Finalmente,883,1998,"2,78955",54
Nel giardino del mio cuore,Teddy Reno,2023,"2,499933333",1
Non ti ricordi più?,Nunzio Gallo,2019,"3,524433333",1
Raggio nella nebbia,Fiorella Bini,2015,"3,432",1
Un certo sorriso,Natalino Otto,2015,"3,148216667",0
Un sogno di cristallo,Orsogufo,2022,"2,8245",2
Nel blu dipinto di blu,Domenico Modugno,2008,"3,652",52
L'edera,Erica Mou,2016,"2,670166667",4
Amare un'altra,Tony Colombo,2022,"3,696",19
Campana di Santa Lucia,Giacomo Rondinella,2011,"3,182433333",2
Giuro d'amarti così,Nilla Pizzi,1954,"3,44555",2
Timida serenata,Gloria Christian,2011,"3,094216667",10
Fragole e cappellini,Aurelio Fierro,2015,"3,09985",5
Non potrai dimenticare,Fred Buscaglione,2022,"3,089533333",5
Mille volte,Max Gazzè,2015,"3,867716667",34
Fantastica,Rocco Hunt,2021,"3,126866667",51
Arsura,Iva Zanicchi,1978,"3,0665",2
Cos'è un bacio,Nayt,2016,"3,766666667",33
È molto facile dirsi addio,Marisa Del Frate,2015,"3,22955",0
Ho disegnato un cuore,Gloria Christian,2019,"3,27795",2
I trulli di Alberobello,Aurelio Fierro,2019,"2,596433333",3
Io sono te,Assia Fiorillo,2022,"3,56",4
La canzone che piace a te,Cutolo,2019,"2,882433333",0
Nozze d'oro,Ruggero Passarini,1993,"3,095116667",3
Se tornassi tu..!,Julio Iglesias,1979,"2,807766667",35
Tu sei del mio paese,Alberto Testa,2019,"3,094216667",1
Io sono il vento,Marino Marini,1955,"2,985766667",32
Conoscerti,Achille Togliani,2014,"2,428066667",5
Tua,Elisa,2019,"3,455766667",54
Lì per lì,Natalino Otto,1953,"3,092",13
Sempre con te,Tosca,2024,"2,519383333",7
Avevamo la stessa età,Renzo Arbore,2009,"5,468883333",25
Nessuno,Cesare Cremonini,2017,"4,741333333",56
Una marcia in Fa,Claudio Villa,2008,"2,520666667",10
Un bacio sulla bocca,Fabrizio Cesare,2016,"2,08355",13
Adorami,Nilla Pizzi,1954,"3,853333333",10
Così così,Dutch Nazari,2018,"3,56795",20
Il nostro refrain,Fernanda Furlani,2011,"2,158216667",0
La luna è un'altra luna,Giorgio Consolini,2022,"2,468133333",4
La vita mi ha dato solo te,Nella Colombo,1943,"3,318883333",0
Ma baciami,Achille Togliani,2022,"3,267466667",6
Né stelle né mare,Michele Nobler,2020,2,30
Partir con te,Andrea Bocelli,1995,"4,18305",50
Per tutta la vita,Noemi,2009,"3,200883333",47
Tu sei qui,SDV Worship,2021,"5,319566667",23
Libero,Tommy Riccio,2018,"4,22215",29
Quando vien la sera,Joe Sentieri,2014,"2,177733333",32
Colpevole,Gemitaiz,2023,"2,972666667",64
È mezzanotte,Elodie,2023,"2,97855",57
Il mare,Zucchero,2008,"4,167333333",20
Noi,Marracash,2021,"4,533383333",55
È vero,Alessandra Amoroso,2011,"3,770883333",39
Splende il sole,Zerosospiro,2008,"1,116",41
Notte mia,Johnny Dorelli,1951,"3,9851",2
A come amore,Teddy Reno,2019,"3,126666667",18
Amore abisso dolce,Gian Carlo Testoni,2019,"3,77755",2
Amore senza sole,Teddy Reno,2023,"2,149",0
Gridare di gioia,Adriano Valle,2021,"2,204433333",0
Invoco te,Mina,2004,"3,138216667",16
Non sei felice,Mina,1987,"2,511766667",4
Perderti,Sara Sansica,2018,"3,83435",1
Perdoniamoci,Achille Togliani,2015,"2,682",25
Splende l'arcobaleno,Gloria Christian,2019,"3,36505",1
Vento pioggia... scarpe rotte,Gino Latilla,2017,"3,03355",0
24mila baci,Adriano Celentano,2006,"2,29755",46
Il mare nel cassetto,Milva,1960,"2,988216667",24
Io amo tu ami,Mina,2004,"3,43555",8
Le mille bolle blu,Mina,2016,"3,8905",39
Come sinfonia,Pino Donaggio,2014,"3,328",19
Febbre di musica,Tonina Torrielli,2017,"3,3671",0
Mandolino mandolino,Piero Montanaro,2024,"3,893983333",0
Carolina dai,Livingston Taylor,1970,"3,134883333",30
Un uomo vivo,Gino Paoli,2001,"3,023333333",21
Non mi dire chi sei,Luciano Tajoli,1988,"3,380433333",8
Lei,Neima Ezza,2022,"3,376666667",67
A.A.A. adorabile cercasi,Little Tony,2014,"2,337516667",20
Benzina e cerini,Giorgio Gaber,1961,"2,268216667",9
Che freddo!,Nada,1969,"3,060433333",60
Lady Luna,Nora Orlandi,2016,"2,908683333",32
Libellule,De Gruy,2021,"2,333333333",43
Mare di dicembre,Pino Daniele,2015,"5,093333333",20
Notturno senza luna,Luigi Tenco,2013,"1,796783333",12
Patatina,Gianni Meccia,2002,"2,929333333",23
Pozzanghere,Il Solito Dandy,2022,"3,6081",23
Qualcuno mi ama,Sandro,2017,"4,394883333",33
Tu con me,Aliciakat,2023,"2,633333333",23
Una goccia di cielo,Luciano Tajoli,2019,"3,191866667",0
Tango italiano,Cocki Mazzetti,2019,"2,459266667",46
Gondolì gondolà,faff,2022,"2,65115",24
Quando quando quando,Tony Renis,2001,"2,773766667",53
Stanotte al luna park,Milva,2014,"4,6241",2
Lui andava a cavallo,Aurelio Fierro,1962,"2,464016667",2
Un'anima leggera,Arturo Testa,2012,"3,172616667",0
Cipria di sole,Joe Sentieri,2012,"3,703966667",0
Aspettandoti,Neffa,1996,"5,2",50
Buongiorno amore,Gigi Finizio,2021,"3,70765",30
Passa il tempo,Néza,2023,"3,44615",54
Inventiamo la vita,Nunzio Gallo,2014,"3,084183333",0
Centomila volte,Einar,2019,"3,253333333",22
Conta le stelle,Ultimo,2021,"2,466216667",56
Cose inutili,Management,2017,"3,4",31
Due cipressi,Pino Calvi,1962,"6,95945",0
Fiori sull'acqua,Caterina Caselli,1970,"2,969133333",10
I colori della felicità,Paolo Tuci,2020,"1,70535",10
Il cielo cammina,Creep Giuliano,2019,"3,454316667",1
Il nostro amore,Laura Pausini,2015,"3,967333333",38
Innamorati,Toto Cutugno,1980,"3,936",50
L'anellino,I Barritas,2002,"2,7011",1
L'ombrellone,Nancy Fiordaliso,2023,"3,601333333",1
L'ultimo pezzo di terra,Pino Calvi,1962,"6,460216667",0
Lumicini rossi,Lucia Altieri,1964,"2,994933333",0
Occhi senza lacrime,Cocki Mazzetti,2023,"2,93065",4
Pesca tu che pesco anch'io,Gino Bramieri,2014,"2,706283333",1
Prima del paradiso,Jean Louis Prima,2013,"2,526466667",8
Quando il vento d'aprile,Nando Rizzello,2010,"2,599766667",0
Tobia,Zucchero,2001,"5,004433333",23
Vestita di rosso,Beppe Junior,2010,"5,372666667",2
Vita,Yunes LaGrintaa,2023,"2,55965",55
Amor mon amour my love,Cecilia,2006,"2,323333333",27
Giovane giovane,Laïoung,2017,"4,596666667",45
Non costa niente,Cor Veleno,2018,"4,754216667",19
Ricorda,Antonello Venditti,2012,"5,252666667",46
Perdonarsi in due,Tonina Torrielli,2014,"3,60315",1
Occhi neri e cielo blu,Dana Valery,1963,"2,386866667",0
Sull'acqua,Sergio Bruni,2022,"4,124533333",0
Tu venisti dal mare,Arturo Testa,2014,"3,584433333",0
Non sapevo,Gianni Lacommare,2013,"3,8727",0
Com'è piccolo il cielo,Mia Martini,2015,"9,707533333",0
Fermate il mondo,Johnny Dorelli,1951,"3,632666667",4
La ballata del pedone,Giorgio Gaber,2013,"2,962883333",1
Le voci,Cosmo,2016,"5,836",38
Oggi non ho tempo,Lago,2023,"2,233333333",3
Perché perché,Tony Renis,1958,"2,692216667",33
Quando ci si vuol bene... (Come noi),Joe Sentieri,1963,"2,6671",0
Se passerai di qui,Raf,2006,"3,757766667",5
Un cappotto rivoltato,Sergio Bruni,2022,"2,615516667",1
Vorrei fermare il tempo,Valentino Bonaccorso,2016,"3,971333333",1
Che me ne importa a me,Topo Gigio,1996,"3,3951",7
Come potrei dimenticarti,Tony Dallara,2016,"2,3491",1
Ieri ho incontrato mia madre,Gino Paoli,1964,"2,974883333",14
La prima che incontro,Fabrizio Ferretti,2011,"2,701766667",2
Motivo d'amore,Jovanotti,2002,"4,266883333",31
Ogni Volta,Paul Anka,2000,"2,426216667",32
Quando vedrai la mia ragazza,Little Tony,1994,"2,738883333",27
Sabato sera,DJ Matrix,2018,"2,578666667",36
Stasera no no no,Alessio,2006,"3,7944",53
Un bacio piccolissimo,Andrea Farri,2024,"2,4119",23
Una lacrima sul viso,Bobby Solo,1999,"3,455133333",46
Così felice,Federica Carta,2017,"3,360216667",27
E se domani,Mina,2009,"3,103566667",50
I sorrisi di sera,Tony Renis,2004,"2,85755",21
L'inverno cosa fai?,Piero Focaccia,2011,"2,83",1
L'ultimo tram,Donatello,2002,"3,175766667",1
Mezzanotte,Skinny,2021,"3,466666667",35
Passo su passo,Laura Pausini,2023,"2,97575",47
Piccolo piccolo,Robertino,2016,"2,560433333",38
Sole pizza e amore,Sacher Quartet,2008,"3,358",3
Sole sole,Eugenio Bennato,2011,"2,444183333",10
Tu piangi per niente,Wilma Goich,2014,"2,576",1
Venti chilometri al giorno,Naftalinas,2020,"3,802216667",2
Abbracciami forte,Enrique Guzman,1991,"2,71155",25
Amici miei,I Girasoli,2015,"3,64955",26
Aspetta domani,Fred Bongusto,2010,"2,47485",13
Ho bisogno di vederti,Gigliola Cinquetti,2010,"2,959333333",18
Invece no,Laura Pausini,2008,"3,92555",49
Io che non vivo (senza te),Il Volo,2015,"2,79355",52
L'amore ha i tuoi occhi,I Giganti,1969,"2,4311",6
Le colline sono in fiore,Wilma Goich,2009,"3,918216667",36
Prima o poi,GrenBaud,2019,"3,5102",34
Si vedrà,Ornella Vanoni,1989,"2,6011",1
Vieni con noi,Alien Cut,2021,"2,994433333",27
Cominciamo ad amarci,John Foster,1965,"2,226933333",35
Devi essere tu,Paola & Chiara,2013,"3,855766667",8
Di fronte all'amore,Gaetano Donizetti,1971,"1,654433333",19
E poi verrà l'autunno,Orietta Berti,2015,"3,334083333",0
I tuoi anni più belli,Iva Zanicchi,2010,"3,066883333",4
Il tuo amore,Cris Pop New,2023,"1,166383333",29
Io non volevo,MINACELENTANO,1998,"4,142216667",40
L'amore è partito,Beppe Cardile,2015,"2,9291",1
Mia cara,Bobby Solo,2012,"2,627466667",19
Non a caso il destino (Ci ha fatto incontrare),Franco Tozzi,2019,"2,765816667",1
Ti credo,Rilassante musica profonda,2023,"4,05995",3
Tu che ne sai?,Gigi D'Alessio,2017,"4,603766667",44
Nessuno mi può giudicare,Caterina Caselli,1966,"2,689716667",58
In un fiore,Chiara Arduini,2024,"3,427066667",4
Una casa in cima al mondo,Mina,1966,"3,02785",29
Una rosa da Vienna,Anna Identici,1994,"3,0151",0
Io ti darò di più,Orietta Berti,2000,"2,62965",38
Mai mai mai Valentina,Giorgio Gaber,2010,"2,219333333",40
Parlami di te,L-DREAM,2023,"2,980383333",33
Adesso sì,Lucio Battisti,1971,"3,222",20
Nessuno di voi,WOW,2014,"3,378666667",4
Se tu non fossi qui,Mina,1966,"3,049516667",30
Così come viene,Remo Germani,1966,"3,067333333",3
La notte dell'addio,Iva Zanicchi,1966,"3,92975",29
A la buena de Dios,La 25,2018,"2,512266667",29
Dipendesse da me,Al Rangone,2008,"4,592333333",7
Il ragazzo della via Gluck,Adriano Celentano,1969,"4,254433333",46
Io ti amo,Tony Colombo,2015,"2,839333333",29
La carta vincente,Memo Remigi,2015,"2,758366667",1
Lei mi aspetta,Giusy Attanasio,2018,"12,61846667",15
Pafff... bum!,Lucio Dalla,1966,"2,35555",27
Per questo voglio te,Ornella Vanoni,1996,"2,75",0
Quando vado sulla riva,Pino Daniele,1991,"3,594183333",60
Questa volta,Ludovico Einaudi,2004,"4,544",44
Se questo ballo non finisse mai,Paola Bertoni,1965,"2,6751",0
Un giorno tu mi cercherai,Topi Sorsakoski,2007,"2,921333333",34
Quando dico che ti amo,Tony Renis,2001,"2,8911",33
Proposta,I Giganti,2010,"4,037766667",36
La musica è finita,Mina,1968,"3,14955",20
"Io, tu e le rose",Orietta Berti,1998,"3,014433333",30
Bisogna saper perdere,The Rokes,2017,"3,200833333",22
Dove credi di andare,Sergio Endrigo,1968,"3,279766667",3
Pietre,Nerissima Serpe,2023,"2,219733333",45
L'immensità,Johnny Dorelli,1990,"3,4771",39
Cuore matto,Little Tony,2000,"2,846",50
Io per amore,Pino Donaggio,2004,"3,0063",21
Per vedere quant'è grande il mondo,Wilma Goich,2001,"3,086666667",2
E allora dai,Giorgio Gaber,2010,"4,172216667",28
La rivoluzione,Gianni Pettenati,2015,"1,826666667",34
Canta ragazzina,Mina,2014,"3,0438",19
C'è chi spera,Riki Maiocchi,1998,"3,199766667",4
"Ciao amore, ciao",Luigi Tenco,2001,"3,068216667",43
Dedicato all'amore,Mauro Caputo,2001,"3,186216667",7
Devi aver fiducia in me,The Hollies,1966,"2,18755",1
È più forte di me,Ligabue,2005,"3,996216667",26
Gi,J Balvin,2016,"2,85155",75
Guardati alle spalle,Nicola Di Bari,1967,"2,692433333",1
Il cammino di ogni speranza,Caterina Caselli,1967,"2,9627",18
Ma piano (Per non svegliarmi),Nomadi,1994,"2,58555",2
Nasce una vita,4Tu,2019,"0,654866667",13
Non prego per me,Mino Reitano,2014,"2,468666667",10
Quando vedrò,dile,2022,"2,898616667",39
Sopra i tetti azzurri del mio pazzo amore,Domenico Modugno,2013,"3,2785",3
Una ragazza,I Giganti,1966,"2,397333333",54
Uno come noi,Nashley,2023,"3,142033333",45
Casa bianca,Don Backy,2012,"2,255766667",20
Canzone,Lucio Dalla,1996,"4,492216667",57
Deborah,Enzo Dong,2019,"5,92",41
La tramontana,Gianni Pettenati,2015,"2,940433333",35
Quando m'innamoro,Anna Identici,2002,"3,280883333",25
Da bambino,Massimo Ranieri,1984,"2,934666667",11
Sera,Sfera Ebbasta,2016,"2,498216667",68
La siepe,Fulminacci,2024,"3,7611",47
Un uomo piange solo per amore,Little Tony,1990,"3,280666667",41
Gli occhi miei,Dino,1997,"2,868883333",28
Stanotte sentirai una canzone,Lara Saint Paul,2019,"2,1002",1
Mi va di cantare,Louis Armstrong,2013,"1,084883333",31
La voce del silenzio,Andrea Bocelli,2007,"4,924883333",27
Che vale per me,Valerio Scanu,2010,"3,5271",10
Il posto mio,Francesca Michielin,2018,"3,3557",22
Il re d'Inghilterra,Gianfranco Intra Orchestra,2021,"2,705333333",0
La farfalla impazzita,Lucio Battisti,2020,"3,212883333",17
La vita,Max Gazzè,2015,"3,886733333",56
Le opere di Bartolomeo,The Rokes,2002,"3,584666667",14
Le solite cose,Stefano Bollani,2010,"3,370666667",31
No amore,Giuni Russo,2013,"3,136433333",3
Per vivere,Laura Pausini,2000,"4,080216667",23
Tu che non sorridi mai,Orietta Berti,2000,"3,176483333",3
Lontano dagli occhi,Sergio Endrigo,2000,"3,76355",40
Un sorriso,Don Backy,2012,"3,3851",10
Un'ora fa,Fausto Leali,1970,"2,5557",38
Ma che freddo fa,Nada,1969,"3,060433333",60
La pioggia,Gigliola Cinquetti,1983,"3,0391",34
Tu sei bella come sei,DANDY TURNER,2019,"3,2923",52
Il gioco dell'amore,Danijay,2003,"3,984883333",48
Un'avventura,Lucio Battisti,1969,"3,175766667",61
Quando l'amore diventa poesia,Il Volo,2015,"3,209766667",44
Piccola piccola,Gianni Marchetti,1969,"1,690883333",38
Bada bambina,Little Tony,2000,"2,912216667",32
Zucchero,Zucchero,1995,"4,832216667",55
Cosa hai messo nel caffè?,Malika Ayane,2013,"3,882433333",39
Alla fine della strada,Orietta Berti,2000,"3,170383333",13
Baci baci baci,Fulminacci,2024,"3,69145",59
Il sole è tramontato,Giorgio Carnini,2019,"3,165533333",0
Il treno,Riccardo Cocciante,1979,"4,464433333",31
Io che ho te,New Trolls,2013,"2,676216667",29
Le belle donne,Stadio,2007,"3,6771",17
Meglio una sera (Piangere da solo),Claudio Villa,2008,"3,470666667",8
Non c'è che lei,Nek,1997,"4,434883333",20
Se tu ragazzo mio,Tutte Le Cose Inutili,2023,"4,627616667",15
Una famiglia,La Comparsa Del Jona,2020,"3,112533333",25
La prima cosa bella,Nicola Di Bari,2000,"3,1811",49
L'arca di Noè,Iva Zanicchi,2010,"3,601666667",28
Eternità,Ornella Vanoni,2008,"3,776",32
La spada nel cuore,Little Tony,1990,"3,996666667",42
Romantico blues,Engelbert Humperdinck,2021,"3,393333333",36
Pa' diglielo a ma',Nada,2001,"3,61755",11
Taxi,Tony Effe,2023,"2,391666667",72
Tipitipitì,Orietta Berti,1998,"2,842433333",8
Sole pioggia e vento,Perigeo,1973,"9,634433333",4
L'amore è una colomba,Gianni Nazzaro,1990,"3,246216667",7
Hippy,Fausto Leali,1970,"3,397133333",1
Canzone blu,Peter White,2023,"2,539666667",43
Re di cuori,Yosef,2023,"2,846766667",22
Accidenti,Rocky Roberts,2002,"2,895766667",16
Ahi ahi ragazzo!,Rita Pavone,2009,"2,632666667",16
Ahi! Che male che mi fai,Paolo Mengoli,2000,"3,853333333",0
Che effetto mi fa,DOXX,2021,"2,904166667",29
Ciao anni verdi,Rosanna Fratello,2001,"3,46555",3
Io mi fermo qui,Ornella Vanoni,2001,"3,61555",31
L'addio,Giuni Russo,1981,"4,847333333",30
La stagione di un fiore,Gens,2006,"3,645783333",1
Nevicava a Roma,Renato Rascel,1963,"3,346216667",2
Occhi a mandorla,Viross,2022,"3,458333333",1
Ora vivo,I Bisaquei,2012,"2,242",0
Serenata,Jovanotti,1994,"5,176666667",51
Che sarà,Achille Lauro,2022,"3,105716667",49
4 marzo 1943,Lucio Dalla,1970,"3,702666667",58
Com'è dolce la sera,Rosanna Fratello,2013,"3,622216667",6
Sotto le lenzuola,Gigi D'Alessio,1997,"4,1611",47
Come stai?,Karma,2021,"3,25445",19
Bianchi cristalli sereni,Don Backy,1996,"3,986466667",13
"13, storia d'oggi",Al Bano,2014,"4,2811",2
Rose nel buio,Gigliola Cinquetti,2009,"3,182433333",2
Ninna nanna (Cuore mio),Dik Dik,2002,"4,364666667",9
L'ultimo romantico,Pino Donaggio,2013,"3,854666667",27
La folle corsa,Lucio Battisti,2020,"5,726",20
Una storia,Eros Ramazzotti,2014,"4,138",49
Il sorriso il paradiso,Capitolo 6,2021,"3,265566667",7
Amsterdam,Nothing But Thieves,2017,"4,537333333",69
Andata e ritorno,Gianni Bismark,2023,"2,48025",39
I ragazzi come noi,I Corvi,2003,"3,7744",1
Il dirigibile,Iubal Kollettivo Musicale,2009,"3,76955",1
Il viso di lei,Ada Mori,2021,"2,685766667",0
Lo schiaffo,I Brutos,2011,"4,005016667",2
L'ora giusta,CoCo,2016,"3,156116667",23
Non dimenticarti di me,Pooh,2000,"4,6371",33
Occhi bianchi e neri,Pio Trebbi,2014,"3,860316667",0
Santo Antonio Santo Francisco,Piero Focaccia,1997,"3,158633333",0
Come le viole,Peppino Gagliardi,1995,"3,48355",44
Il re di denari,Nada,2001,"2,598666667",32
Vado a lavorare,Gianni Morandi,1994,"3,616666667",11
Non voglio innamorarmi mai,Claudio Baglioni,1989,"3,298883333",36
Jesahel,Delirium,1971,"4,164433333",38
Montagne verdi,Marcella Bella,1972,"3,200666667",43
Piazza Grande,Lucio Dalla,2006,"3,2151",45
Gira l'amore (Caro bebè),Gigliola Cinquetti,2009,"2,812",16
Ti voglio,Luchè,2012,"3,9884",51
Un diadema di ciliegie,Ricchi E Poveri,2016,"4,133766667",10
Mediterraneo,Mango,1992,"3,933566667",50
Se non fosse fra queste mie braccia lo inventerei,Max Pezzali,2020,"3,8678",45
Un calcio alla città,Domenico Modugno,2013,"4,054666667",19
Amici mai,Antonello Venditti,2009,"5,2631",53
Ci sono giorni,4Tu,2019,"0,654866667",17
Ciao amico ciao,Franco Andolfo,2000,"3,02155",22
Era bello il mio ragazzo,Anna Identici,1972,"3,293983333",7
Forestiero,ISoci,2023,"2,891966667",1
Il mio cuore se ne va,Carla Bissi,1973,"3,16555",2
L'uomo e il cane,Dolores Olioso,2016,"2,290433333",1
La foresta selvaggia,Meditazione zen musica,2017,"3,683516667",0
Per amore ricomincerei,Roberto Vecchioni,1991,"4,744883333",35
Portami via,Fabrizio Moro,2017,"3,236883333",56
Preghiera,Fabrizio De André,1967,"3,5211",45
Rimpianto,Aleam,2023,"2,467283333",26
Un gatto nel blu,Roberto Carlos,1976,"3,842883333",28
Un viaggio in Inghilterra,Strana Officina,2017,"3,75155",4
Come un ragazzino,Peppino Gagliardi,2015,"3,758666667",36
Da troppo tempo,Tarlan Gazenferoğlu,2013,"3,320433333",32
Dolce frutto,Ricchi E Poveri,2021,"3,238883333",26
Serena,Serena Brancale,2022,"2,088",24
Tu nella mia vita,Dori Ghezzi,2000,"3,411766667",28
L'uomo che si gioca il cielo a dadi,Roberto Vecchioni,1973,"3,7871",25
La bandiera di sole,Fausto Leali,1973,"4,45735",0
Amore mio,Salvo Nicolosi,2009,"4,106216667",40
Mi son chiesta tante volte,Gougoush,1973,"3,061766667",1
Come sei bella,Massimo Di Cataldo,2001,"4,764216667",33
Tu giovane amore mio,Donatello,2002,"3,774883333",1
Il mondo è qui,Ensi,2017,"3,833333333",27
Tre minuti di ricordi,Matteo Venturi,2016,"3,909183333",5
Straniera straniera,Luciano Tajoli,2007,"3,481533333",23
Una casa grande,Charles Ans,2021,"3,475",37
Addio amor,Viola Valentino,2017,"4,238666667",1
Angeline,Chase Atlantic,2017,"3,888883333",56
Anika na-o,Kronan,2022,"2,904233333",24
Cara amica,270bis,2020,"3,56",20
Dove andrai,Andrea Bonifazi,2019,"3,812133333",27
Elisa Elisa,Ermal Meta,2017,"3,6998",57
Innamorata io?,Papik,2015,"2,958833333",29
Mistero,Enrico Ruggeri,1993,"4,083316667",40
Mondo mio,Leila,2016,"2,998566667",0
Ogni volta che mi pare,Mietta,2011,"3,613766667",4
Povero,Marnage,2022,"2,081466667",28
Sugli sugli bane bane,Le Figlie del Vento,2012,"2,686",19
Vado via,Drupi,2000,"4,088433333",40
Via Garibaldi,Steve Hem,2021,"2,35365",5
Questa è la mia vita,Ligabue,2002,"4,028",56
Occhi rossi,Coez,2022,"2,955166667",63
Sta piovendo dolcemente,Maria Del Carmen,2013,"3,167333333",0
Il mio volo bianco,Carlos Gomes,2005,"8,074883333",0
Senza titolo,Lucio Corsi,2020,"2,944483333",21
Se hai paura,Afterhours,1997,"2,762216667",16
Mon ami Tango,L'Armenonville,2019,"3,968433333",1
Notte dell'estate,Franco Califano,2015,"4,67765",17
Il matto del villaggio,Egreen,2022,"2,912",11
Ah! L'amore,Alessandro Safina,2014,"4,613766667",43
A modo mio,Patty Pravo,2018,"5,038883333",6
In controluce,Gianni Marchetti,1969,"1,66",31
Innamorati,Toto Cutugno,1980,"3,936",50
Un po' di coraggio,Andrea Petrucci,2020,"3,038033333",5
Cavalli bianchi,Little Tony,1990,"4,039333333",6
Monica delle bambole,Milva,2016,"4,42155",2
Sole giallo,Maravilia,2023,"2,666666667",24
Canta con me,Lucio Ferri,2023,"1,349",30
Capelli sciolti,Banco Del Mutuo Soccorso,2014,"8,14",2
Complici,Enrico Nigiotti,2018,"3,392883333",48
Fiume grande,Franco Simone,1974,"3,77",33
La canta,Orchestra Romagnola Oscar Valente,1998,"3,966",1
La donna quando pensa,Francesco De Gregori,1983,"4,661766667",60
Per una donna donna,Lucio Battisti,1978,"5,304883333",53
Qui,Niro,2023,"3,179766667",62
Ricomincerei,Gianni Fiorellino,2003,"4,124933333",22
Valentin tango,The Twins,2008,"2,204883333",36
Ipocrisia,Emanuele Aloia,2021,"2,424",34
Va' speranza va',Vanilla,2023,"2,8923",22
Un grande addio,Cottrau,2015,"2,0702",3
E poi e poi,Annalisa,2023,3,70
Come Humphrey Bogart,Zinnigas,2022,"3,241666667",2
Topolino piccolo,Piccolo Coro dell'Antoniano,2017,"3,184216667",29
Io credo (Ci son cose più grandi di te),Giorgio Vanni,2014,"3,32555",44
Decidi tu per me,4Tu,2021,"3,170716667",3
Sei stata tu,Luciano Tajoli,2014,"2,532566667",20
Il telegramma,Sandro de Simone,2009,"3,483333333",1
L'incertezza di una vita,Mavi,2021,"3,466666667",22
1975… amore mio,Fred Bongusto,2015,"3,418083333",1
Adesso basti tu,Riccardo Zandonai,2014,"4,002216667",0
Dolce abitudine,Piero Montanaro,2023,"3,7638",0
In amore non si può mentire,Emma,2013,"3,524216667",56
Innamorarsi,Mauro Nardi,2011,"4,583616667",37
La paura di morire,Società Anonima Decostruzionismi Organici,2023,"11,32576667",0
Lettera,Massimo Ranieri,2022,"3,635333333",35
Madonna d'amore,Il Solito Dandy,2022,"4,364216667",19
Oggi,Alex Britti,1998,"3,816433333",59
Piccola bambina cara,Ermal Meta,2017,"3,6998",57
Quattro stagioni,Antonio Vivaldi,2024,"1,8497",44
Il ragioniere,A. Virgilio Savona,1972,"0,884433333",1
Scarafaggi,Guè,2017,"3,288883333",53
Se nasco un'altra volta,Pooh,1985,"4,270433333",17
Senza impegno,Bandabardò,2014,"3,788716667",13
Sola in due,YOUNGGUCCI,2020,"2,379616667",21
Sotto le stelle,Noisys,2019,"3,03455",44
Tango di casa mia,Secondo Casadei,2006,"3,349333333",10
"Come stai, con chi sei",Dori Ghezzi,2000,"3,793333333",16
Gli occhi di tua madre,Sandro Giacobbe,1998,"4,012883333",35
Volo AZ 504,Albatros,1976,"3,758216667",21
Due anelli,Matteo Branciamore,2012,"3,105333333",27
Sambariò,Drupi,2019,"4,234383333",20
Più forte,Pisciosangue,2020,"1,280183333",5
Linda bella Linda,Daniel Sentacruz Ensemble,2007,"3,712783333",27
L'ho persa ancora,Mezzosangue,2022,"4,223716667",43
Cuore di vetro,Matthew TT,2023,"2,696316667",37
Omar,Omar,1998,"4,287766667",17
Andiamo via,Samuel Malvaso,2022,"3,201333333",29
Due storie dei musicanti,Coccole Sonore,2013,"14,88436667",20
Piccola donna addio,Ermal Meta,2017,"3,6998",57
Quando c'era il mare,Sergio Endrigo,2012,"4,2411",0
Signora tu,Loredana Bertè,2006,"3,4911",46
Cercati un'anima,Renato Zero,2010,"5,674883333",57
Che sarei,Vincenzo Scarpulla,2023,3,19
E tu mi manchi,Gigi Finizio,2009,"3,778216667",41
Il mio primo rossetto,Random,2020,"3,802366667",58
La canzone dei poveri,Gloriana,2015,"4,190033333",0
La femminista,Menestrella femminista,2012,"3,9332",3
Nata libera,Leano Morelli,1977,"4,469333333",26
Non due,Nayt,2015,"1,628883333",47
Sing My Song,Mikael nilsson,2023,"3,25895",28
Stella cadente,Modà,2015,"3,674433333",46
Torno a casa,Rose Villain,2023,"2,953466667",69
Una casa senza nome,Neima Ezza,2021,"3,28745",59
Uomo qualunque,Uscita Nord,2020,"4,358716667",7
Vieni,Caparezza,2008,"4,008883333",57
Tu mi rubi l'anima,I Collage,1996,"3,4915",40
Monica,Kuami Eugene,2023,"2,933333333",60
Con te ci sto,Marta Mandelli,2021,"4,264416667",18
Dedicato a te,Irama,2020,"3,466666667",46
E invece con te,Piero Soffici,2021,"3,5851",0
Gran Premio,En Espíritu Y En Verdad,2012,"4,756883333",26
Io ti porterei,Leano Morelli,1977,"4,050883333",7
Ma perché,Geolier,2022,"2,997716667",62
Miele,Gigi D'Alessio,2002,"3,968883333",49
Carmela,Renato Carosone,2022,"2,806216667",4
Tesoro mio,Nanà,2022,"3,0093",5
Un'emozione da poco,Anna Oxa,1978,"4,25",50
Gianna,Rino Gaetano,1978,"3,883333333",62
Il buio e tu,Eros Ramazzotti,2003,"4,020216667",36
Tu sola,Radicanto,2022,"4,333333333",1
Armonia e poesia,Santino Rocchetti,1996,"4,003116667",4
Il mio amore,Gianna Spagnulo,2001,"1,902666667",26
Domani domani,Laura Luca,1997,"3,665566667",28
1/2 notte,Gino Balerino e la sua Orchestra,2021,"3,088516667",0
Anna Anna,La Quinta Faccia,1975,"3,25705",1
N 'addore 'e castagne,Pinguini Tattici Nucleari,2015,"4,76",33
Ora,Sfera Ebbasta,2023,"3,339283333",62
Quando Teresa verrà,Marco Ferradini,2006,"4,013166667",6
Soli,Club Dogo,2024,"3,84735",73
Barbara,The Beach Boys,1975,"2,23155",63
Quell'attimo in più,I Camaleonti,2012,"3,980883333",7
La gente parla,Collage,2012,"3,341333333",26
Sarà un fiore,Sara e Matteo,1990,"3,1611",37
A me mi piace vivere alla grande,Giangilberto Monti,2009,"3,602216667",14
New York,JAY-Z,2009,"4,615333333",86
C'era un'atmosfera,Adriano Tolomeo,1992,"3,2175",0
Bimba mia,Franco Califano,2008,"4,470416667",17
Tu fai schifo sempre,I Pandemonium,1997,"3,58555",23
Nocciolino,I Sanremini,2014,"3,5777",0
Liana,Jedi Dreams,2023,"1,10475",29
Autunno cadono le pagine gialle,Marco Testoni,2006,"1,853333333",35
Ayx Disco,X DISCO,2024,"2,84165",43
Ciao Barbarella,Ciro Sebastianelli,2000,"3,373766667",14
Grande mago,Grande Mahogany,2023,"3,120883333",29
Il diario dei segreti,Claudio Tatananni,2021,3,19
Impazzirò,IMURI,2023,"3,179683333",0
In due,Sal Da Vinci,2019,"3,573433333",9
"Il sole, la pioggia",Canzoni per Bambini TaTaTa,2021,"1,9999",0
Napule cagnarrà,Pino Daniele,2006,"3,773333333",58
Talismano nero,Negramaro,2007,"3,575333333",57
Ti voglio bene,Cristina D'Avena,2019,"3,090666667",40
Su di noi,Pupo,2005,"3,860666667",59
Mariù,Roberto Vecchioni,1989,"3,817766667",7
Più di una canzone,Ninnananne Per Bambini Granny Smit,2022,"0,972666667",33
I Sing for You,Karin Nobbs,2012,"1,34985",31
L'italiano,Toto Cutugno,1983,"3,942433333",71
Tu mi manchi dentro,Gigi Finizio,2013,"4,1111",46
Cavallo bianco,Matia Bazar,1976,"4,977583333",37
Gelosia,Gianni Celeste,1987,"3,612883333",40
Contessa,Modena City Ramblers,1994,"4,538883333",36
Voglio l'erba voglio,Lazza,2020,"2,552883333",49
Canterò canterò canterò,Pooh,2016,"3,8591",32
Ma vai vai,Liga Carnaval SP,2016,"5,6331",28
Va' pensiero,Luciano Pavarotti,1998,"3,972666667",48
Mara,Geolier,2023,"2,716533333",54
Musica regina,Pop X,2018,"3,174883333",23
Il sole canta,Rossana Casale,2022,"4,506216667",29
Passerà,Nayt,2021,"2,766666667",48
Tu cioè...,Coez,2019,"3,200666667",71
Amor mio... sono me!,Omelet,2010,"3,6531",0
Angelo di seta,Nico Fidenco,2022,"2,35605",0
Dal metrò a New York,Ezio Pinza,2012,"3,109766667",0
Dammi le mani,Sara Pellegrino,2022,"2,97825",10
E pensare che una volta... non era così!,The Kolors,2019,"3,489116667",59
Non ti drogare,Nayt,2021,"3,1875",49
Ritagli di luce,Ecosound,2013,"10,15813333",0
Ti desidero,I Desideri,2020,"3,022716667",27
Tu che fai la moglie,Gigi D'Alessio,2017,"4,603766667",44
Tu sei la mia musica,Giulia Parisi,2017,"2,948783333",28
Maledetta primavera,Loretta Goggi,2008,"4,219333333",56
Tu cosa fai stasera?,Dario Baldan Bembo,1984,"3,547766667",30
Roma spogliata,Luca Barbarossa,2011,"3,7591",44
Sarà perché ti amo,Ricchi E Poveri,1998,"3,178216667",74
Hop hop somarello,Massimo,1981,"2,874233333",24
Ma chi te lo fa fare,Massimo,1981,"3,5182",6
Su quel pianeta libero,Michele Zarrillo,1997,"4,69955",32
Pensa per te,Anna Oxa,1988,"3,988433333",58
Midnight,M83,2011,"4,066",80
Ancora,Mina,2023,"4,282133333",64
Angela,Checco Zalone,2009,"3,243333333",48
La barca non va più,Orietta Berti,2013,"3,738216667",6
Blue (Tutto è blu),Mango,2019,"3,688",7
Caffè nero bollente,Fiorella Mannoia,1984,"4,418433333",41
Follow me (Se amore vuoi),Only 4 Fans,2021,"2,25015",31
Io mi,Ornella Vanoni,2001,"3,61555",31
Non posso perderti,Bobby Solo,2001,"4,292216667",14
I ragazzi che si amano,Collage,1997,"3,444433333",23
Amore mio,Salvo Nicolosi,2009,"4,106216667",40
Bianca stella,Carillon di ninna nanne,2022,"0,891283333",25
Che brutto affare,Jo Chiarello,2016,"3,334266667",29
Guerriero,Marco Mengoni,2015,"4,082883333",60
Mille volte ti amo,Umberto Napolitano,1998,"3,3589",2
Toccami,Lara Fabian,2010,"5,019766667",22
Tulilemble,G-Eazy,2014,"4,261333333",84
Un'isola alle Hawaii,Franco Fasano,2012,"4,86095",3
Felicità,Al Bano And Romina Power,1982,"3,219333333",72
Soli,Club Dogo,2024,"3,84735",73
Solo grazie,Giuseppe Cionfoli,2008,"4,08955",32
Un'altra vita un altro amore,Christian,2008,"3,740433333",12
Beguine,Giuseppe Bruni,2022,"1,100433333",40
Blue Hotel,Chris Isaak,1987,"3,214433333",60
C'è,Vasco Rossi,2004,"4,555333333",39
E non finisce mica il cielo,Mia Martini,2005,"4,0591",47
Io no,Francesca Michielin,2018,"3,210433333",56
Lisa,Club Dogo,2014,"3,4198",59
Marinai,Tutti Fenomeni,2021,"2,751433333",25
Non voglio ali,Giuni Russo,2021,"3,2068",2
Ping pong,Rino Gaetano,2015,"5,177766667",31
Romantici,Viola Valentino,2005,"3,923766667",35
Sei la mia donna,Ruggero Scandiuzzi,2016,"4,031983333",6
Sette fili di canapa,Mario Castelnuovo,2003,"5,4651",13
Strano momento,Roberto Soffici,1996,"4,912216667",4
Tu stai,Bobby Solo,2003,"3,681766667",19
Una notte che vola via,Zucchero,1983,"4,105766667",31
Vado al massimo,Vasco Rossi,1982,"4,064433333",50
America in,Orietta Berti,2013,"3,632883333",3
Biancaneve,The Pietro Carapellucci Choir,2022,"2,7471",33
Centomila amori miei,Brattini,2024,"3,2802",23
Cuore bandito,Julie,2013,"4,331333333",18
Facciamo la pace,Maurizio Pirovano,2022,"4,1123",1
Non arrenderti mai,Michael Ronda,2016,"3,182216667",15
Una rosa blu,Michele Zarrillo,1997,"5,414",50
Una sporca poesia,Fiordaliso,2001,"3,278216667",26
Volevo dirti,Nisba,2021,"3,03255",37
Margherita non lo sa,Sandra,2014,"3,418216667",11
Vacanze romane,Matia Bazar,1983,"4,216",50
L'italiano,Toto Cutugno,1983,"3,942433333",71
Oramai,Fiordaliso,2001,"3,284216667",19
Complimenti,Francesco D'Aleo,2021,"3,816916667",35
La mia nemica amatissima,Gianni Morandi,2002,"3,782666667",13
Working Late Tonight,Dennis Kuo,2018,"7,316666667",5
È la vita,Aldo Tagliapietra,2017,"4,956666667",2
Shalom,The Conscious Underground,2023,"4,762116667",39
Avrò,Sandra,2014,"3,715333333",1
Casco blu,Amore Mio,2005,"2,880433333",9
Amare te,Coez,2019,"3,200666667",71
Primavera,Antonio Vivaldi,1994,"3,449333333",46
Abbracciami amore mio,Figli del divino amore,1995,"3,193333333",22
Una catastrofe bionda,Francesco D'Aleo,2018,"3,7651",50
Stiamo insieme,Aurora e Ludovica,2023,"1,494633333",26
Nuvola,Holden,2023,"2,824716667",72
Mi sono innamorato di mia moglie,Gianni Nazzaro,1996,"3,794883333",32
Notte e giorno,DrefGold,2020,"1,815383333",26
Movie Star,CIX,2019,"3,508433333",61
Arriva arriva,Marracash,2008,"3,8191",30
Vita spericolata,Vasco Rossi,1983,"4,724433333",60
Cieli azzurri,Pupo,2014,"3,3231",34
Dammi tanto amore,Margherita Ton,2022,"4,110933333",5
Donna sola,Mia Martini,1972,"3,536216667",25
E la neve scende,Claudio Ferrarini,2023,"4,363566667",4
Fammi volare,Franchino,2022,"3,657583333",30
Il mio treno,Roberto Stallone,2002,"4,611033333",1
Nuovo amore,Eros Ramazzotti,1984,"4,186",26
Oppio,Afterhours,1999,"4,5711",15
Scatole cinesi,Francesco Spaggiari,2016,"4,083716667",18
Solo con te,Aiden,2019,"3,364716667",31
1950,Amedeo Minghi,1983,"4,616433333",59
Serenata,Jovanotti,1994,"5,176666667",51
Cara,Ghali,2018,"4,072066667",57
Un amore grande,Pupo,2005,"3,71555",45
Non voglio mica la luna,Fiordaliso,1983,"4,113333333",55
Nina,Nina Zilli,2012,"3,432433333",45
Non scendo,Anna Oxa,2013,"3,940216667",19
Regalami un sorriso,Niccolò Moriconi,2013,"4,744333333",36
Chi (Mi darà),Ty Dolla $ign,2015,"3,8125",59
Per una bambola,Patty Pravo,1984,"3,3611",20
Anni ruggenti,Gruppo Italiano,2002,"3,2751",21
Ancora ti vorrei,Franco D'Amore,2022,"3,78165",8
Libera,LIBERATO,2019,"5,104333333",65
Come si cambia,Fiorella Mannoia,2013,"3,840666667",38
Amore amore,Luigi Tenco,1966,"1,870666667",34
La bottega del caffè,Alberto Camerini,1998,"3,67155",19
Serena alienazione,Tonino,2014,"4,210883333",0
Radioclima,Garbo,2007,"3,805283333",4
Nuovo swing,Enrico Ruggeri,1987,"4,2451",30
Allo stadio,Stadio,1984,"3,652666667",39
"Noi, ragazzi di oggi",Luis Miguel,1985,"3,69775",49
Chiamalo amore,Gigliola Cinquetti,1996,"5,036883333",19
Sulla buona strada,Riccardo Fogli,2006,"3,9511",27
Notte serena,Spanish Guitar Lounge Music,2024,"1,79895",10
Una storia importante,Eros Ramazzotti,2014,"4,138",49
A lei,≈ Belize ≈,2018,"3,9392",12
Il mio angelo,Fiordaliso,2001,"3,554",23
E mo' e mo',Peppino Di Capri,2013,"3,632433333",36
Souvenir,Selena Gomez,2020,"2,693416667",71
Tu dimmi un cuore ce l'hai,Marco Armani,1985,"4,046533333",36
Fammi volare,Franchino,2022,"3,657583333",30
Ritratto,Papik,2019,"3,97435",19
Via con me,Paolo Conte,2014,"2,491333333",43
Grande Joe,Mariah Carey,2020,"3,3411",70
Da quando non ci sei,Seife,2023,"2,175",18
Franca ti amo,Ivan Graziani,2010,"3,46755",19
Vorrei svegliarti,Eugenio Finardi,1985,"3,553333333",10
Buona fortuna,Benji & Fede,2018,"3,078216667",45
Faccia di cane,New Trolls,2012,"4,128216667",20
Donne,Zucchero,1985,"3,5951",57
Cose veloci,Jonathan Richman,2004,"3,516666667",30
Il clarinetto,Renzo Arbore,1986,"3,794883333",32
Senza un briciolo di testa,Marcella Bella,1993,"4,127766667",32
Azzurra malinconia,Toto Cutugno,1986,"4,450433333",29
È tutto un attimo,Anna Oxa,1986,"4,052216667",49
Futuro,PSICOLOGI,2019,"2,8",53
Vai,Ozuna,2018,"2,93555",78
Cantare,Mannarino,2021,"4,066666667",47
Re,Tedua,2023,"2,798",74
Fatti miei,Enzo Avitabile,2022,"3,141333333",28
Uno sull'altro,Marco Armani,1994,"4,115133333",16
Canzone italiana,Trattoria Italiana,2020,"1,198816667",37
Amore Stella,Donatella Rettore,2001,"4,067766667",25
Lei verrà,Mango,1986,"4,08695",52
Innamoratissimo (Tu che fai battere forte il mio cuore),BLANCO,2023,"2,616",58
"No East, No West",Kool & The Gang,1972,"3,654433333",30
Rien ne va plus,Enrico Ruggeri,1986,"4,1271",19
Via Margutta,Luca Barbarossa,2011,"4,27955",48
Verso il 2000,Flavia Fortunato,2014,"4,569266667",22
Brividi,Mahmood,2022,"3,3191",65
Canzone triste,Zucchero,1986,"3,984433333",43
Canzoni alla radio,Stadio,1986,"4,46955",29
Figli,Alan Sorrenti,1977,"4,591333333",61
Nostalgia canaglia,Al Bano,2007,"3,773983333",42
Io amo,Fausto Leali,1993,"3,86155",31
Il sognatore,Peppino Di Capri,2013,"4,014",41
Tanti auguri,Chorus Friends,2012,"1,55005",42
Canzone d'amore,Gazzelle,2023,"2,464",64
Quello che le donne non dicono,Fiorella Mannoia,1988,"4,016666667",56
Come dentro un film,Luca Barbarossa,2011,"3,584216667",43
Aria e musica,Música de mesa para sentirse bien durante la cena,2024,"2,38015",0
Vita mia,Amedeo Minghi,2014,"5,448216667",37
Destino,VillaBanks,2023,"2,55555",42
Canto per te,DJ Herzbeat,2020,"3,265766667",37
E non si finisce mai,Il Laboratorio del Ritmo,2020,"4,5",0
L'odore del mare,Tiromancino,2021,"3,727633333",38
Bella età,Marcello Vadori,2018,"3,732216667",0
Dimmi che cos'è,Pupo,1995,"3,64",20
Dal cuore in poi,Mango,1987,"3,738883333",12
Sinuè,Tony Esposito,1997,"3,912883333",14
Pigramente signora,Patty Pravo,1988,"4,8287",6
Il Garibaldi innamorato,Sergio Caputo,1987,"3,216",35
Madonna di Venere,Mario Castelnuovo,2003,"3,27555",3
Rosanna,Rosanna Fratello,1999,"3,078216667",44
Bolero,London Symphony Orchestra,1995,"15,56778333",51
Emozioni,Lucio Battisti,1970,"4,776433333",55
L'amore rubato,Luca Barbarossa,1988,"4,34555",36
Dopo la tempesta,Marcella Bella,1988,"4,169533333",38
Italia,BIA,2023,"3,244583333",73
Quando nasce un amore,Anna Oxa,1988,"3,988433333",58
Per noi,Amedeo Minghi,2014,"4,3471",22
Nascerà Gesù,Francesco Rinaldi,2007,"3,0951",2
Le notti di maggio,Fiorella Mannoia,2014,"3,872666667",33
Inevitabile follia,Raf,1988,"4,5011",43
Sarà per te,Francesco Nuti,1989,"4,060433333",39
Io (Per le strade di quartiere),Franco Califano,2016,"4,0351",26
Nella valle dei Timbales,Fausto Papetti,1997,"2,534883333",0
Come un giorno di sole,Enrico Gerli,2016,"3,926316667",1
Io,Rose Villain,2023,"2,953466667",69
Nun chiagnere,Alessandra Di Cesare,2023,"2,6425",26
Andamento lento,Tullio De Piscopo,1998,"4,274433333",43
La prima stella della sera,Matia Bazar,2011,"4,55555",17
Era bella davvero,Drupi,2019,"4,198116667",33
Il mondo avrà una grande anima,Ron,2013,"4,563333333",7
Cielo chiaro,New Credo,1991,"6,47795",8
Ma che idea,King Ital Rebel,2015,"3,53845",32
Le tue chiavi non ho,Fausto Papetti,1997,"2,518433333",0
Come per miracolo,Ennio Morricone,1974,"2,292183333",14
Le mamme,Pino Marelli,2011,"4,163466667",21
Cara terra mia,Al Bano,2007,"3,444883333",21
Non finisce così,Riccardo Fogli,1997,"4,421766667",18
Vasco,Vasco Rossi,2016,"4,228883333",59
Se non avessi te,Umberto Tozzi,1987,"4,59955",42
Esatto!,Dayfel Perdomo,2019,"3,112283333",0
Chi voglio sei tu,Ricchi E Poveri,2004,"3,99145",18
Almeno tu nell'universo,Mia Martini,2011,"5,1002",56
Io come farò,Ornella Vanoni,1989,"4,107766667",14
Il mio pianoforte,Francesco Baccini,1990,"4,29555",38
Il babà è una cosa seria,Emanuele Aloia,2021,"2,954216667",63
Questa volta no,Raphael Gualazzi,2020,"3,483333333",17
Na canzuncella doce doce,Sal Da Vinci,2009,"4,452666667",26
Cosa resterà degli anni '80,Raf,1989,"5,206",53
Il cuore delle donne,Orchestra Matteo Tassi,2007,"3,344216667",0
Se me lo dicevi prima,Enzo Jannacci,1997,"4,38555",34
Ciao,Sfera Ebbasta,2023,"3,1111",73
A che servono gli dei,Rossana Casale,1989,"4,022216667",16
E allora e allora,Vinicio Capossela,2003,"3,482216667",40
Come mi vuoi,Eduardo De Crescenzo,1989,"5,047766667",31
Scusa,Gazzelle,2021,"3,506016667",57
La fine del mondo,Anastasio,2018,"3,052216667",35
Rifarsi una vita,Sergio Caputo,2024,"4,35",0
Gli amori,Toto Cutugno,2002,"4,184",39
Vattene amore,Mietta,1990,"4,024",57
Donna con te,Anna Oxa,1990,"3,97555",42
Verso l'ignoto,Gianni Bella,1990,"5,023533333",28
La nevicata del '56,Mia Martini,2012,"5,356883333",35
Tu... sì,Angelo Famao,2018,"3,0067",65
A,Yung Pips,2022,"2,464416667",48
Bisognerebbe non pensare che a te,Caterina Caselli,1990,"4,3511",16
Ma quale amore,Eduardo De Crescenzo,2017,"3,988433333",24
Io vorrei,Lucio Battisti,1972,"4,59555",56
Ringrazio Dio,Paola Turci,2013,"4,746216667",14
Sono felice,Blue Virus,2017,3,23
Io e mio padre,Grazia Di Michele,2016,"3,812216667",12
Evviva Maria,Peppino Di Capri,2013,"4,206666667",25
Novecento Aufwiedersehen,Eugenio Bennato,2010,"4,468216667",2
Buona giornata,Aliciakat,2023,"2,683333333",24
Amori,Renato Zero,1982,"4,409483333",20
Vorrei,J-AX,2017,"3,764433333",55
Amore,Emma,2023,"3,422833333",65
Spalle al muro,Renato Zero,1991,"5,014483333",39
Perché lo fai,Marco Masini,1991,"4,674883333",42
Gli altri siamo noi,Umberto Tozzi,1991,"5,52",46
Spunta la Luna dal monte,Pierangelo Bertoli,1995,"3,96",47
Nené,Francesco Guccini,2015,"3,358216667",6
Dubbi no,Pino Daniele,2019,"4,243333333",38
Oggi sposi,Al Bano,2017,"4,146216667",15
Io ti prego di ascoltare,Riccardo Fogli,2008,"4,366366667",16
Oggi un Dio non ho,Raf,1991,"4,564666667",38
La fotografia,Enzo Jannacci,2006,"4,9931",32
Il mare più grande che c'è (I Love You Man),Fiordaliso,2004,"4,965033333",32
Siamo donne,Sabrina,2015,"3,5731",29
Sbatti ben su del Be Bop,Studio Sound Group,2011,"0,82355",0
E la musica va,Eduardo De Crescenzo,1990,"4,777333333",32
Se io fossi un uomo,Grazia Di Michele,2024,"3,51065",0
Terra,Eros Ramazzotti,2014,"3,725333333",52
In questa città,Max Pezzali,2020,"3,4",38
La fila degli oleandri,Gianni Bella,1995,"4,4751",18
Gli uomini,Mia Martini,1992,"4,123983333",54
Gli uomini non cambiano,Mia Martini,1992,"4,123983333",54
La forza della vita,Paolo Vallesi,1992,"4,632883333",44
Italia d'oro,Pierangelo Bertoli,2013,"4,35915",40
Ti penso,Adriano Celentano,2019,"4,3599",42
Piccoli giganti,Radical,2019,"2,9738",29
Per niente al mondo,Pietro Galassi,2017,"3,7731",8
Pitzinnos in sa gherra,Tazenda,2007,"4,314883333",33
Perché,Vale Lambo,2018,"3,7288",51
In una notte così,Riccardo Fogli,2010,"4,569333333",5
Strade di Roma,Michele Zarrillo,1997,"4,85555",32
Mendicante,Franco Staco,2018,"4,764733333",9
Un uomo in più,Pino Daniele,1991,"4,42595",21
Favola blues,Peppino Di Capri,2013,"3,772216667",26
Quelli come noi,Tananai,2022,"3,394216667",53
Così lontani,Giuliano Palma,2014,"3,056216667",20
È una nanna,Emiliano Toso,2021,"2,4451",27
Femmene 'e mare,Massimo Ranieri,2000,"4,380283333",4
Io ti darò,Paolo Mengoli,2000,"4,722216667",1
La mia preghiera,Giulia Parisi,2017,"2,948783333",28
Ma ti sei chiesto mai,GionnyScandal,2012,"3,594433333",9
Pe' dispietto,Monica Sarnelli,2014,"3,631333333",22
Rumba di tango,Orietta Berti,2012,"4,6585",1
Un frammento rosa,Riccardo Betto,2022,"4,082083333",16
Dietro la porta,Cristiano De André,1992,"4,02555",22
Gli amori diversi,Grazia Di Michele,2024,"3,642883333",0
Dedicato a te,Irama,2020,"3,466666667",46
Ave Maria,Hannah Holgersson,2012,"5,372",47
Figli di chi,Mietta,2024,"5,183766667",0
Stato di calma apparente,Paola Turci,2006,"3,4151",38
Non so più a chi credere,Biagio Antonacci,1993,"4,34155",24
"Notte bella, magnifica",Amedeo Minghi,2013,"4,32065",27
Un anno di noi,Lucio Battisti,1977,"5,025333333",27
Sogno,Franco Simone,2017,"4,233333333",36
L'Italia è bella,Aban,2008,"4,019333333",25
Qui gatta ci cova,Tullio De Piscopo,2015,"3,2191",6
Stiamo come stiamo,Loredana Bertè,2016,"4,482433333",31
Una canzone d'amore,Vasco Rossi,2020,"4,522933333",54
Balla italiano,Francesco Napoli,2008,"5,912216667",46
Cambiamo musica,Tony Esposito,2006,"4,147083333",5
Come passa il tempo,I Camaleonti,2009,"4,782133333",31
Dammi 1 bacio,Nomadi,2023,"4,148433333",10
L'alba,Salmo,2016,"2,945766667",52
La voce delle stelle,Alessia Munno,2015,"3,653383333",4
Sulla strada del mare,Schola Cantorum,1997,"3,816216667",26
Tu tu tu tu,Swayam Padhi,2023,"4,751766667",34
Uomini addosso,Augusta,2011,"3,19825",39
Signor tenente,Giorgio Faletti,1994,"3,28555",38
Strani amori,Laura Pausini,1994,"4,262883333",47
Non è un film,Articolo 31,2002,"4,19",45
Cinque giorni,Michele Zarrillo,1994,"4,162666667",56
I soliti accordi,Enzo Jannacci,2011,"4,653333333",30
Maledette malelingue,Ivan Graziani,1989,"3,9071",40
Amare amare,Gigi Finizio,2005,"3,904",56
Esser duri,Marco Armani,1994,"4,68245",2
Di notte specialmente,Donatella Rettore,1994,"4,598666667",37
Terra mia,Fabrizio Cesare,2021,"2,646666667",8
La casa dell'imperatore,Formula 3,1996,"4,088216667",6
Amici non ne ho,Loredana Bertè,2016,"4,010883333",33
Crescerai,Nomadi,1992,"3,574433333",30
Statento,AP rackchaser,2023,"3,647116667",27
Oppure no,Patrizia Laquidara,2007,"2,948",6
Se mi ami...,MINACELENTANO,2016,"3,71355",35
L'ascensore,Adriano Celentano,1986,"2,6311",34
Una vecchia canzone italiana,Squadra Italia,2015,"3,9951",24
Napoli,Nino D'Angelo,2023,"3,25895",27
In amore,Richard Clayderman,2017,"4,062666667",10
Gente come noi,Ivana Spagna,2007,"4,131766667",41
Con te partirò,Andrea Bocelli,1995,"4,18305",50
Finalmente tu,883,1998,"2,78955",54
Bisogno d'amore,Sud Sound System,2010,"3,778216667",33
Rivoglio la mia vita,Lighea,2012,"3,21355",23
Senza averti qui,883,1995,"3,80155",45
Più di così,Gemitaiz,2020,"3,761566667",40
Un altro amore no,Lorella Cuccarini,1995,"4,155333333",28
Dove vai...,chiello,2022,"2,938633333",36
L'assurdo mestiere,Giorgio Faletti,2012,"3,706766667",14
Ma che ne sai... (...se non hai fatto il piano-bar),Gigi Proietti,2009,"3,2311",33
Giovane vecchio cuore,Gigliola Cinquetti,1995,"3,697766667",7
La vestaglia,Massimo Ranieri,2000,"4,583616667",25
Voglio una donna,Roberto Vecchioni,1992,"4,224883333",39
Voglio andare a vivere in campagna,Frankie Cimino,2019,"4,5614",38
Troppo sole,Sofia Sole,2023,"2,894733333",28
ANGELI & angeli,Elisa,2022,"3,556266667",45
I giorni dell'armonia,Patty Pravo,2013,"5,24755",6
Amore e guerra,Cave,2022,"3,35625",22
È con te,Nek,2010,"3,243483333",22
Padre e padrone,Giò Di Tonno,1995,"4,39205",6
La terra dei cachi,Elio e le Storie Tese,1997,"4,688883333",44
Strano il mio destino,Giorgia,2002,"4,25555",36
E io penso a te,Ivana Spagna,1996,"4,053766667",30
Mai più sola,Neri Per Caso,2009,"3,884433333",32
Se adesso te ne vai,Massimo Di Cataldo,2001,"4,067333333",45
È la mia vita,Ligabue,2002,"4,028",56
Soli al bar,George Frideric Handel,2024,"2,86355",7
Cantare è d'amore,Amedeo Minghi,2013,"4,596233333",50
Volo così,Paola Turci,2003,"4,0491",17
L'elefante e la farfalla,Michele Zarrillo,1996,"4,220433333",46
Il ragazzo con la chitarra,Luca Barbarossa,1997,"4,254433333",2
Sulla porta,4Tu,2020,"0,876516667",16
Una vita migliore,Metal Carter,2016,"3,276",6
L'amore è un attimo,Massimo Ranieri,2016,"3,572216667",23
Sarò,Modà,2008,"3,990633333",42
Solo lei,Gigi Finizio,2017,"3,663766667",14
Non andare via,Sam e il Meteorino,2023,"3,931833333",33
Romanzo,Emis Killa,2010,"3,782",31
Letti,Maurizio Filardo,2017,"3,735183333",1
Ama,Gianna Nannini,2015,"3,396433333",53
Non è amore,Mango,2002,"4,015766667",29
Non scherzare dai,NASKA,2022,"2,996916667",55
Storie,Jesto,2018,"3,512883333",48
Sei tu,Andrew Underberg,2024,"1,0042",61
A casa di Luca,Silvia Salemi,2015,"3,984216667",45
Non ami che te,Fausto Leali,2010,"2,379766667",11
Padre Nostro,Artie 5ive,2023,"2,64",52
Laura non c'è,Nek,1997,"3,768216667",61
...e dimmi che non vuoi morire,Patty Pravo,2001,"4,492883333",49
Ti parlerò d'amore,Massimo Ranieri,1997,"3,853916667",26
Nel respiro più grande,Tosca,1997,"4,034883333",7
Senza tù,Francesco Baccini,2024,"4,482883333",0
È andata così,Aiden,2020,"3,88",39
Dentro me,J-AX,2011,"4,097766667",25
Verso il sole,The Dining Rooms,2001,"5,4783",26
Quello che sento,Carmen Consoli,1996,"3,66555",28
Papa nero,Pitura Freska,2012,"4,069766667",8
Faccia pulita,Claudio Baglioni,1972,"3,276",30
Vero amore,HINOA,2023,"4,209183333",1
Alianti liberi,Greta,2010,"4,214",4
Luna,Feid,2023,"3,28",97
Attimi,Franco Califano,2008,"3,81125",28
Come ti tradirei,thasup,2022,"3,296433333",49
Confusa e felice,Carmen Consoli,1997,"3,634883333",34
E penserò al tuo viso...,Alessandro Errico,1997,"5,302216667",5
Fragolina,Dani Mocanu,2020,"2,5",42
Il capo dei giocattoli,Coro I Piccoli Cantori di Milano,2014,"1,77755",40
Quando viene sera,Riccardo Achille Ronzani,2024,"2,77815",2
Uguali uguali,Luchè,2023,"2,953883333",56
Voglio un dio,Dionira,2014,"3,968666667",0
Amore lontanissimo,Antonella Ruggiero,1997,"4,156",25
Sempre,Carl Brave x Franco126,2018,"3,174183333",66
Solo come me,Solo Compas,1999,"3,95155",19
Pathos,James Heather,2017,"3,832116667",44
Luce,Elisa,2001,"4,408883333",52
Un po' di te,Alex Wyse,2023,"2,116666667",59
Lasciarsi un giorno a Roma,Niccolò Fabi,1998,"4,64",47
Un porto nel vento,Ron,1998,"4,253333333",3
Canto per te,DJ Herzbeat,2020,"3,265766667",37
Sei tu o lei (Quello che voglio),Alex Baroni,1998,"4,374883333",35
E che mai sarà,Ivana Spagna,2004,"4,0891",16
Dormi e sogna,Avion Travel,1997,"4,226",25
Flamingo,Kenshi Yonezu,2020,"3,2731",64
Sotto il velo del cielo,Nuova Compagnia Di Canto Popolare,2004,"4,1911",9
Per te,Jovanotti,1999,"4,689766667",53
Quando un musicista ride,Enzo Jannacci,2013,"4,039333333",24
Non ti dimentico (Se non ci fossero le nuvole),Gemitaiz,2023,"3,26315",62
Alberi,Ornella Vanoni,2019,"4,235333333",30
Lo zaino,Enrico Brizzi,2006,"3,717333333",0
Ancora in volo,Rabbiosa,2024,"4,288666667",1
Un inverno da baciare,Marina Rei,2008,"4,082433333",21
Senza giacca e cravatta,Nino D'Angelo,1999,"4,244883333",50
Aria,Argy,2023,"3,934416667",75
Guardami negli occhi,Nada,2008,"5,038216667",31
Amami Lara,Eugenio Finardi,1998,"4,01755",6
Dove dov'è,Claudio Baglioni,1990,"4,956216667",27
Il giorno perfetto,Gianluca Grignani,1999,"3,58755",27
Come sei bella,Massimo Di Cataldo,2001,"4,764216667",33
La tua ragazza sempre,Irene Grandi,2001,"4,176133333",45
Innamorato,BLANCO,2023,"2,616",58
Il timido ubriaco,Max Gazzè,2000,"3,672",42
Replay,Iyaz,2009,"3,038433333",80
Gechi e vampiri,Gerardina Trovato,2014,"2,8071",39
In bianco e nero,Carmen Consoli,2000,"3,607333333",35
Brivido caldo,Matia Bazar,2000,"4,149766667",29
Il giorno dell'indipendenza,Alice,2000,"3,72755",5
Non dirgli mai,Gigi D'Alessio,1999,"4,226216667",57
Tutti i miei sbagli,Subsonica,2000,"4,055333333",53
Con il tuo nome,Ripe,2024,"2,1744",12
Fare l'amore,Mietta,2000,"4,210883333",34
Futuro come te,Amedeo Minghi,2014,"4,304",22
Raccontami di te,Marco Masini,2000,"4,102666667",36
Un'altra vita,Elodie,2016,"2,982066667",38
Di sole e d'azzurro,Giorgia,2001,"4,278",51
Questa nostra grande storia d'amore,Matia Bazar,2015,"4,108383333",19
L'acrobata,Michele Zarrillo,2001,"4,579333333",36
Saluto l'inverno,Paola Turci,2007,"4,150666667",25
Anche tu,Raf,1991,"3,596216667",39
Sono contento,Alex Britti,2000,"3,955766667",26
Tu che ne sai,Gigi D'Alessio,2017,"4,603766667",44
Ciao Ninìn,Fabio Concato,2001,"4,528216667",22
L'eterno movimento,Alta Marea,2010,"4,013266667",0
Pioverà (Habibi ené),Ricky Rich,2021,"2,159816667",73
Il profumo del mare,Sam e il Meteorino,2023,"2,663933333",26
Fantasticamenteamore,Syria,2000,"3,678",17
Mezze verità,Sottotono,2016,"4,3071",27
Bentivoglio Angelina (Kon tutto il mio amaro),Quintorigo,2001,"4,238883333",22
L'assenzio (The Power of Nothing),Bluvertigo,2001,"3,890433333",35
Dimmi come...,Alexia,2002,"3,51155",35
Un altro amore,Gino Paoli,2018,"3,504433333",32
Ora che ho bisogno di te,"Fausto Leali, Luisa Corna",2013,"4,422083333",19
Primavera a Sarajevo,Andrea Mirò,2023,"3,918666667",12
Il cuore mio,Mariella Nava,2017,"4,170433333",22
Amarti sì,JR,2015,"3,43945",46
Tracce di te,Luigi Strangis,2022,"3,6271",40
Accidenti a te,Franco126,2021,"3,575883333",34
Ogni giorno di più,Gianluca Capozzi,2000,"4,541333333",24
Gli angeli,Vasco Rossi,1996,"6,328666667",53
Lacrime dalla Luna,Gianluca Grignani,2002,"3,961766667",32
Del perduto amore,Fabrizio De André,2000,"3,654",50
Salirò,Daniele Silvestri,2002,"3,958216667",56
Marì,Nino D'Angelo,2010,"3,826066667",33
L'immenso,Amedeo Minghi,2016,"5,080883333",31
Dimmi che mi ami,Nada,1998,"3,127766667",34
La mia canzone,Alex Wyse,2023,"2,983183333",63
Batte forte,Lollipop,2002,"3,18955",27
Casa mia,Noyz Narcos,2018,"2,702666667",53
7000 caffè,Alex Britti,2003,"3,594",46
Tutto quello che un uomo,Sergio Cammariere,2002,"4,170883333",52
Nessuno tocchi Caino,Andrea Mirò,2023,"4,176433333",24
L'amore è,Marco Mengoni,2019,"3,04355",47
Oceano,Ana Nóbrega,2015,"8,250433333",62
Morirò d'amore,Jovanotti,2002,"4,266883333",31
Nel cuore delle donne,Silvia Salemi,2003,"3,89755",12
Di un amore,Alex Baroni,2002,"3,9571",46
Fortuna,Creedence Clearwater Revival,1969,"2,346216667",88
'A storia 'e nisciuno,Nino D'Angelo,2010,"4,621916667",37
Un giorno nuovo,Sick Tamburo,2017,"3,878683333",38
Eri tu,Filippo Malatesta,2020,"2,8666",25
Cambierò,Rosario Miraggio,2010,"3,386433333",14
Quelli che non hanno età,Eiffel 65,2005,"3,990116667",42
Non si cresce mai,Little Tony,2012,"3,74555",28
Volere volare,AGIEMME,1981,"3,38955",21
Tonight,John Legend,2012,"3,990883333",64
Sarà una canzone,Amedeo Minghi,2013,"4,069",29
Fossi un tango,Iva Zanicchi,2003,"3,421333333",11
Sei la vita mia,Natale Galletta,2010,"3,910666667",28
"Aria, sole, terra e mare",Linda Valori,2005,"3,596666667",12
Guardami negli occhi (prego),Paolo Meneguzzi,1990,"3,310883333",27
Guardastelle,Bungaro,2004,"4,0311",33
Quando l'aria mi sfiora,Alta Marea,2010,"3,231766667",0
Generale Kamikaze,Stefano Picchi,2005,"3,754883333",11
Cuore,Noisys,2020,"2,77875",54
Le ore piccole,Neffa,2004,"2,250433333",43
Crudele,Mario Venuti,2003,"4,08815",41
Era bellissimo,DJ Francesco,2015,"4,024433333",23
È stato tanto tempo fa,Simone Tomassini,2004,"3,2811",32
Basterà,Marta Falcone,2021,"3,0811",2
È la musica,Eduardo De Crescenzo,1990,"4,777333333",32
Lavoro inutile,Omar Pedrini,2016,"4,404666667",11
Sei un miracolo,Daniele Groff,2004,"3,720883333",34
Nessun consiglio,Alta Marea,2010,"3,48125",0
Un angelo legato a un palo,Alta Marea,2010,"3,598366667",0
Il nostro amore,Laura Pausini,2015,"3,967333333",38
Single,Beyoncé,2008,"3,220216667",72
Solo un sogno,Mondo Marcio,2006,"3,936883333",24
Ladro di te,Piotta,2004,"3,61555",24
Come noi nessuno al mondo,Toto Cutugno,2023,"4,986",16
Echi d'infinito,Antonella Ruggiero,2005,"3,442883333",16
Che mistero è l'amore,Luca Notari,2011,"4,067333333",1
Non credo nei miracoli,Laura Bono,2005,"3,504",35
Uomo bastardo,Marcella Bella,2019,"3,514666667",16
Che farò,La Differenza,2005,"3,430433333",23
Da grande,Enrico Brignano,2019,"1,854433333",40
Grido d'amore,Matia Bazar,2021,"3,656",18
L'amore che non c'è,Gigi D'Alessio,2007,"4,272666667",41
L'immaginario,Veronica Ventavoli,2006,"3,488",5
La panchina,Momogold,2023,"2,866666667",20
Nel mondo dei sogni,Marco Masini,2005,"3,592666667",31
Ovunque andrò,Le Vibrazioni,2005,"3,692883333",37
Ragazza di periferia,Anna Tatangelo,2005,"4,268666667",36
Francesca,Francesca Michielin,2016,"3,544666667",53
Non capiva che l'amavo,Paolo Meneguzzi,2005,"3,4631",37
Fammi entrare,Marina Rei,2007,"5,204216667",15
Colpevole,Gemitaiz,2023,"2,972666667",64
Fammi respirare,Noemi,2016,"4,174666667",23
Sono qui per questo,Max De Angelis,2005,"3,065766667",12
L'idea,Bandadriatica,2018,"3,905766667",1
Non escludo il ritorno,Franco Califano,2005,"3,917333333",36
Dovevo dirti molte cose,Velvet,2005,"3,76555",26
Segui il tuo cuore,Gianni Togni,1985,"5,503333333",23
Vorrei,J-AX,2017,"3,764433333",55
Riesci a innamorarmi,Modà,2005,"3,694216667",25
A modo mio,Patty Pravo,2018,"5,038883333",6
Le parole,Coez,2015,"3,74885",48
Ci vuole k...,Michele Zarrillo,1997,"4,147766667",43
Dov'è la terra capitano,DJ Francesco,2015,"3,669333333",45
Mentre tutto scorre,Negramaro,2006,"3,35555",61
Dove si va,Nomadi,2006,"3,760883333",39
Essere una donna,Anna Tatangelo,2006,"4,04645",34
Sole negli occhi,Riccardo Maffoni,2004,"3,479316667",6
Che bella gente,Simone Cristicchi,2006,"3,170433333",26
Com'è straordinaria la vita,Dolcenera,2009,"3,907033333",36
L'alfabeto degli amanti,Michele Zarrillo,2006,"3,8831",39
Svegliarsi la mattina,Zero Assoluto,2007,"3,71755",59
Tempesta,Malika Ayane,2015,"3,611333333",37
Lei ha la notte,Nicky Nicolai,2006,"4,35755",6
L'uomo delle stelle,Ennio Morricone,1995,"3,129333333",8
Solo con te,Aiden,2019,"3,364716667",31
Musica e speranza,Linea 77,2013,"3,396883333",23
Solo lei mi dà,Sugarfree,2005,"3,312433333",34
Un mondo senza parole,Rocco,2021,"3,765616667",1
Irraggiungibile,Lorenz Simonetti,2023,"2,597266667",42
Di luna morirei,Italian Hitmakers,2014,"3,567466667",0
Preda innocente,Tiziano Orecchio,2008,"5,434216667",1
Un discorso in generale,Carlo Fava,2006,"3,986216667",8
Noi non possiamo cambiare,Ivana Spagna,2009,"3,995416667",3
Sparirò,Luca Dirisio,2006,"3,766666667",38
Nel tuo mare,GIO FAL,2018,"2,4511",0
Rido... forse mi sbaglio,Ameba4,2006,"3,628633333",2
Con un gesto,Ivan Segreto,2005,"3,720216667",10
Processo a me stessa,Anna Oxa,2023,"4,2831",17
Un altro posto nel mondo,Mario Venuti,2006,"4,168216667",29
Liberi di sognare,Gianluca Grignani,2005,"3,960666667",32
Capirò crescerai,Capo Plaza,2022,"3,328",69
Non dimentico più...,Deasonika,2006,"4,078583333",8
Davvero,Emma,2010,"3,813333333",31
Nel perdono,Tame Impala,2015,"6,054",82
Schiavo d'amore,Piero Mazzocchetti,2015,"4,04115",3
La paranza,Daniele Silvestri,2007,"4,144",48
Chissà se nevica,Mango,2007,"4,008216667",18
Musica,Colapesce,2021,"3,945333333",63
Il terzo fuochista,Tosca,2007,"4,034216667",30
Vivere normale,Francesco Facchinetti,2007,"3,512216667",9
Appena prima di partire,Zero Assoluto,2007,"3,355766667",41
Canzone fra le guerre,C. Carrara,2007,"4,018666667",4
Amami per sempre,Amalia Gre',2007,"3,953766667",24
Forever per sempre,Gianni Bella,2007,"3,948883333",20
Guardami,Gianluca Modanese,2017,"3,266666667",34
In Italia si sta male (si sta bene anziché no),Sfera Ebbasta,2021,"2,697883333",65
Luna in piena,Nada,2007,"3,787333333",30
Meglio così,Gazzelle,2017,"4,02495",49
Oltre il giardino,Miele Band,2022,"3,742666667",7
Senza me ti pentirai,Leda Battisti,2007,"3,644",6
The Show Must Go On,Queen,1991,"4,630433333",71
Tutto da rifare,DJ Matrix,2023,"2,560433333",36
Il mio amico,Madame,2021,"3,484083333",47
Eppure mi hai cambiato la vita,Fabrizio Moro,2016,"3,441616667",40
Un falco chiuso in gabbia,Toto Cutugno,2008,"4,288866667",24
Ricordi,Medy,2023,"3,076916667",73
Grande,Il Volo,2015,"3,7491",60
L'amore non si spiega,Sergio Cammariere,2008,"3,904216667",45
Cammina nel sole,Gianluca Grignani,2008,"4,42955",50
Non finisce qui,Little Tony,2012,"3,512666667",41
Grande sud,Eugenio Bennato,2008,"3,46955",27
Baciami adesso,Enrico Nigiotti,2020,"3,050216667",52
Il solito sesso,Max Gazzè,2008,"3,382666667",65
Basta!,L'Aura,2008,"3,756216667",14
Rivoluzione,Renato Zero,2016,"4,262883333",21
L'ultimo film insieme,Michele Zarrillo,2008,"3,672433333",21
Vita tranquilla,Tricarico,2008,"4,3451",32
Il rubacuori,Tiromancino,2008,"3,606633333",5
Cammina cammina,Paolo Serazzi,2018,"1,2909",47
A ferro e fuoco,Mario Venuti,2008,"3,829333333",19
Musica e parole,Ligabue,2023,"3,1227",43
Luca era gay,Povia,2009,"4,15955",25
Non riesco a farti innamorare,Sal Da Vinci,2009,"3,6251",43
Uomo senza età,Francesco Renga,2009,"3,1531",10
Una piccola parte di te,Fausto Leali,2013,"3,73115",17
L'Italia,Brusco,2009,"3,104",10
E io verrò un giorno là,Patty Pravo,2013,"4,028516667",19
Biancaneve,The Pietro Carapellucci Choir,2022,"2,7471",33
L'amore è sempre amore,Nina Zilli,2012,"3,432433333",45
L'opportunità,Jacques Dutronc,1969,"2,714",44
Il mio amore unico,Dolcenera,2009,"3,762883333",22
Vivi per un miracolo,Gemelli Diversi,2009,"4,228433333",30
Più sole,Nicky Nicolai,2009,"4,156883333",20
Il paese è reale,Afterhours,2009,"3,83155",26
Il bosco delle fragole,Tricarico,2009,"3,436433333",17
Ti voglio senza amore,Iva Zanicchi,2009,"4,1391",5
Italia amore mio,Luca Canonici,2013,"3,626666667",30
Credimi ancora,Marco Mengoni,2010,"3,442433333",38
Per tutta la vita,Noemi,2009,"3,200883333",47
Ricomincio da qui,Malika Ayane,2010,"3,373766667",38
Il mondo piange,Irene Fornaciari,2010,"3,813766667",27
Meno male,Andrea Vantini,2010,"3,214883333",33
La cometa di Halley,Irene Grandi,2010,"3,873133333",34
Malamorenò,Arisa,2010,"3,016933333",32
La verità,Brunori Sas,2017,"5,038",55
La notte delle fate,Enrico Ruggeri,2010,"3,6991",14
Non è una canzone,The Zen Circus,2018,"8,54375",17
Jammo jà[26],Nino D'Angelo,2010,"3,853916667",44
Baby,Don Pero,2022,"2,519333333",75
Aeroplani,Coez,2019,"3,831333333",39
Arriverà,Emma,2014,"3,7591",29
Amanda è libera,Al Bano,2017,"3,912666667",15
Yanez[22],Relaxing Music by Finjus Yanez,2022,"2,147533333",0
L'alieno,Aguirre,2023,"4,78295",1
Io confesso,Mauro Ermanno Giovanardi,2013,"4,891766667",10
Vivo sospesa,Nathalie,2011,"3,5551",23
Fino in fondo,Luca Barbarossa,2011,"4,1711",48
Bastardo,Samurai Jay,2020,"2,629366667",45
Il mare immenso,Giusy Ferreri,2011,"3,755766667",35
Il mio secondo tempo,Max Pezzali,2011,"3,93905",39
Tre colori,Tricarico,2011,"3,3787",18
La mia anima d'uomo,Anna Oxa,2016,"3,656266667",16
Il vento e le rose,Patty Pravo,2011,"3,776433333",22
La notte,Modà,2011,"3,322666667",51
Sono solo parole,Noemi,2012,"3,629766667",57
Respirare,Subsonica,2018,"3,7911",32
Nanì,Pierdavide Carone,2012,"3,386433333",30
Ci vediamo a casa,Dolcenera,2012,"3,987333333",36
Per sempre,Nina Zilli,2012,"3,432433333",45
La tua bellezza,Francesco Renga,2012,"3,52155",42
Un pallone,Enrico Ruggeri,2019,"4,404",26
E tu lo chiami Dio,Eugenio Finardi,2013,"3,337566667",17
Sei tu,Andrew Underberg,2024,"1,0042",61
Al posto del mondo,Edgar Allan Pop,2023,"3,558816667",3
Grande mistero,Paolo Buonvino,2000,"3,258883333",26
Canzone per un figlio,Marlene Kuntz,2012,"3,652666667",17
La canzone mononota,Elio e le Storie Tese,2013,"4,98",35
Se si potesse non morire,Modà,2014,"4,312",39
E se poi,Mario Riccardi,2012,"3,32105",1
Sai (ci basta un sogno),Raphael Gualazzi,2014,"4,063333333",26
A bocca chiusa,Daniele Silvestri,2013,"3,906",49
Sotto casa,Max Gazzè,2013,"3,965766667",54
Il futuro che sarà,Chiara Galiazzo,2013,"3,5",27
Scintille,Gazzelle,2018,"3,199333333",58
È colpa mia,Il Teatro Degli Orrori,2009,"5,468",30
La prima volta (che sono morto),Simone Cristicchi,2013,"3,202",27
Vorrei,J-AX,2017,"3,764433333",55
La felicità,Simona Molinari,2013,"2,953",40
Mamma non lo sa,Almamegretta,2013,"3,216",24
Bellissimo,Alfa,2023,"2,617183333",75
Come l'acqua dentro il mare,Modà,2014,"3,422216667",31
Dannati forever,Elio e le Storie Tese,2013,"3,966666667",26
Dispari,Marta Sui Tubi,2013,"3,680666667",34
Dr. Jekyll Mr. Hyde,Simona Molinari,2013,"3,07485",32
I tuoi maledettissimi impegni,Max Gazzè,2013,"3,4851",32
Il bisogno di te (ricatto d'onor),Emanuele Aloia,2021,"2,954216667",63
L'esperienza dell'amore,Chiara Galiazzo,2013,"3,283333333",8
Mi manchi,Paky,2022,"3,102666667",62
Niente,Marracash,2016,"3,780133333",64
Non so ballare,Tommycassi,2018,"3,125",28
Onda che vai,Tiromancino,2016,"3,365766667",10
Quando non parlo,Postino,2018,"3,35555",33
Senza ritegno,Raphael Gualazzi,2014,"3,647766667",25
Liberi o no,Raphael Gualazzi,2014,"3,626883333",21
Ora,Sfera Ebbasta,2023,"3,339283333",62
Vivendo adesso,Francesco Renga,2014,"4,234",47
Bagnati dal sole,Noemi,2014,"3,552216667",35
L'unica,Ultimo,2017,"4,052433333",57
Il cielo è vuoto,Ligabue,1995,"3,604216667",30
Pedala,n.u.n.u.,2008,"3,497333333",2
Ti porto a cena con me,Giusy Ferreri,2014,"3,909333333",37
Nel tuo sorriso,Andrea Mariani,2023,"3,544",16
Così lontano,Giuliano Palma,2014,"3,056216667",20
Da lontano,Antonella Ruggiero,2014,"3,994",12
Sing in the rain,MORIAH,2012,"2,802666667",21
Prima di andare via,Neffa,2003,"3,85155",53
A un isolato da te,Francesco Renga,2014,"3,431333333",37
In questa città,Max Pezzali,2020,"3,4",38
Invisibili,En?gma,2021,"2,837566667",30
L'amore possiede il bene,Giusy Ferreri,2014,"3,488666667",20
L'Italia vista dal bar,Perturbazione,2014,"3,321216667",4
Lentamente (Il primo che passa),Arisa,2014,"3,88955",12
Per sempre e poi basta,Renzo Rubino,2024,"3,702433333",0
Quando balliamo,Antonella Ruggiero,2014,"3,5751",3
Tanto ci sei,Raphael Gualazzi,2014,"3,79355",12
Un bacio crudele,Giuliano Palma,2014,"3,397333333",12
Un uomo è un albero,Noemi,2014,"3,282666667",10
Un uomo è vivo,Frankie hi-nrg mc,2014,"3,835216667",18
Un abbraccio unico,Ron,2023,"3,852883333",9
Una rigenerazione,Riccardo Sinigallia,2014,"3,748216667",10
Fatti avanti amore,Nek,2015,"3,389333333",47
Adesso e qui (nostalgico presente),Malika Ayane,2015,"3,854433333",42
Una finestra tra le stelle,Annalisa,2015,"3,518216667",61
Straordinario,Chiara Galiazzo,2015,"3,176433333",55
Che giorno è,Marco Masini,2020,"3,629333333",28
Il mondo esplode tranne noi,Dear Jack,2015,"3,604883333",17
Sogni infranti,Gianluca Grignani,2015,"3,99155",26
Sola,Annalisa,2023,"3,331766667",65
Siamo uguali,Lorenzo Fragola,2015,"4,16755",49
Un attimo importante,Alex Britti,2015,"3,2965",35
Un vento senza nome,Irene Grandi,2015,"3,646",23
Buona fortuna amore,Nesli,2015,"3,258216667",32
Il solo al mondo,Bianca Atzei,2015,"3,67955",24
Oggi ti parlo così,Moreno,2015,"3,088533333",16
Io sono una finestra,"Grazia Di Michele, Mauro Coruzzi",2015,"3,408966667",9
Libera,LIBERATO,2019,"5,104333333",65
Come una favola,Raf,2015,"3,61955",40
Vita d'inferno,Gianluca Marino,2024,"3,938383333",0
Voce,Madame,2021,"3,5235",56
Nessun grado di separazione,Francesca Michielin,2016,"3,66555",53
Via da qui,Fineconfine,2024,"3,746783333",33
Il primo amore non si scorda mai,Gigi D'Alessio,2001,"4,096216667",24
Infinite volte,Lorenzo Fragola,2016,"3,4651",41
Cieli immensi,Patty Pravo,2016,"4,250433333",38
Quando sono lontano,Clementino,2016,"3,476216667",45
La borsa di una donna,Noemi,2016,"3,8351",28
Wake Up,MoonDeity,2022,"2,382333333",78
Guardando il cielo,Arisa,2016,"3,742666667",34
Il diluvio universale,Annalisa,2024,"3,409766667",0
Vincere l'odio,Elio e le Storie Tese,2016,"3,866633333",27
Finalmente piove,Valerio Scanu,2016,"3,1697",33
Noi siamo infinito,Alessio Bernabei,2016,"3,723066667",36
Ora o mai più (le cose cambiano),Dolcenera,2016,"3,9954",21
Blu,Eiffel 65,1999,"4,729116667",79
Semplicemente,Zero Assoluto,2007,"3,588433333",52
Mezzo respiro,Dear Jack,2016,"3,32955",19
Sogni e nostalgia,Neffa,2016,"3,0751",29
Di me e di te,Zero Assoluto,2016,"3,258666667",42
Che sia benedetta,Fiorella Mannoia,2017,"3,224",51
Vietato morire,Ermal Meta,2017,"3,53305",53
Il diario degli errori,Michele Bravi,2017,"3,44755",57
Fatti bella per te,Paola Turci,2017,"3,538516667",35
Con te,Andrea Bocelli,1995,"4,18305",50
Portami via,Fabrizio Moro,2017,"3,236883333",56
Tutta colpa mia,Elodie,2017,"3,316216667",55
Ora esisti solo tu,Bianca Atzei,2017,"3,659766667",41
Vedrai,Nino D'Angelo,2018,"4,307766667",38
Mani nelle mani,Michele Zarrillo,2017,"3,920433333",35
Il cielo non mi basta,Lodovica Comello,2017,"3,1035",26
Spostato di un secondo,Marco Masini,2017,"3,611333333",33
Nessun posto è casa mia,Chiara Galiazzo,2017,"3,75155",40
Nel mezzo di un applauso,Alessio Bernabei,2017,"3,448733333",29
Ragazzi fuori,RATA,2024,"2,6",24
Di rose e di spine,Al Bano,2017,"3,574216667",22
La prima stella,Gigi D'Alessio,2017,"4,135033333",26
Fa talmente male,Giusy Ferreri,2017,"2,9931",30
L'ottava meraviglia,Mostro,2015,"3,475666667",43
Do retta a te,Nesli,2017,"3,532",20
Togliamoci la voglia,Raige,2024,"3,5522",0
Una vita in vacanza,Lo Stato Sociale,2018,"3,8991",55
Il mondo prima di te,Annalisa,2018,"3,634866667",53
Almeno pensami,Ron,2018,"3,48755",27
Imparare ad amarsi,"Ornella Vanoni, Bungaro, Pacifico",2018,"3,474216667",35
La leggenda di Cristalda e Pizzomunno,Max Gazzè,2018,"3,842883333",40
Passame er sale,Luca Barbarossa,2018,"3,918433333",29
Adesso,Gemitaiz,2022,"3,366066667",55
"Frida (mai, mai, mai)",The Kolors,2018,"3,52",42
Eterno,Giovanni Caccamo,2018,"3,7251",35
Così sbagliato,Le Vibrazioni,2018,"3,465766667",46
Il coraggio di ogni giorno,Ellie Cottino,2022,"3,81395",5
Custodire,Renzo Rubino,2017,"3,558883333",14
Non smettere mai di cercarmi,Noemi,2018,"3,1591",32
Ognuno ha il suo racconto,Red Canzian,2018,"3,98355",16
Lettera dal Duca,Decibel,2018,"3,626666667",17
Senza appartenere,Nina Zilli,2018,"3,290883333",24
Il segreto del tempo,Roby Facchinetti,2018,"3,926666667",17
Rivederti,Claudio Villa,2021,"3,362616667",0
Arrivedorci,Elio e le Storie Tese,2018,"4,104666667",26
I tuoi particolari,Ultimo,2019,"3,66565",64
Musica che resta,Il Volo,2019,"3,38855",33
Cosa ti aspetti da me,Loredana Bertè,2019,"3,73605",46
Abbi cura di me,Simone Cristicchi,2019,"4,024433333",36
Argentovivo,Daniele Silvestri,2019,"4,276166667",35
La ragazza con il cuore di latta,Irama,2019,"3,701683333",55
Mi sento bene,Salmo,2021,"3,051483333",48
Rolls Royce,Achille Lauro,2020,"2,889083333",53
Nonno Hollywood,Enrico Nigiotti,2019,"3,7831",54
Per un milione,Boomdabash,2019,"2,91025",62
Rose viola,Ghemon,2019,"3,221316667",41
Solo una canzone,Ex-Otago,2019,"3,788033333",44
Dov'è l'Italia,Motta,2019,"2,973083333",27
Aspetto che torni,Francesco Renga,2019,"3,2306",26
L'ultimo ostacolo,Paola Turci,2019,"3,4461",26
L'amore è una dittatura,The Zen Circus,2019,"3,84",33
Senza farlo apposta,Shade,2019,"3,585933333",48
Mi farò trovare pronto,Nek,2019,"3,023016667",24
I ragazzi stanno bene,Negrita,2019,"4,085766667",31
Un po' come la vita,Patty Pravo,2019,"3,4091",23
Le nostre anime di notte,Anna Tatangelo,2019,"3,178433333",22
Parole nuove,Matteo Branciamore,2010,"3,2691",39
Un'altra luce,Nino D'Angelo,2019,"4,081666667",26
Viceversa,Francesco Gabbani,2020,"3,587766667",62
Ringo Starr,Pinguini Tattici Nucleari,2020,"3,05555",65
Dov'è,Le Vibrazioni,2020,"3,062183333",54
Gigante,Piero Pelù,2020,"3,677333333",39
Ho amato tutto,Tosca,2020,"3,7411",33
Andromeda,Elodie,2020,"3,373333333",51
Me ne frego,Achille Lauro,2020,"3,690616667",51
Finalmente io,Irene Grandi,2020,"4,093333333",34
Eden,Rancore,2022,"3,521616667",41
Carioca,Izi,2019,"3,340666667",43
Tikibombom,Levante,2020,"3,38555",50
Rosso di rabbia,Anastasio,2020,"3,2206",33
Il sole ad est,Alberto Urso,2020,"3,418666667",29
Il confronto,Marco Masini,2020,"3,310666667",39
Voglio parlarti adesso,Paolo Jannacci,2020,"3,716883333",20
Niente (Resilienza 74),Rita Pavone,2020,"3,285333333",24
Nell'estasi o nel fango,Michele Zarrillo,2020,"3,75545",26
Baciami adesso,Enrico Nigiotti,2020,"3,050216667",52
Come mia madre,Giordana Angi,2020,"2,891333333",25
Musica (e il resto scompare),Elettra Lamborghini,2020,"3,243433333",48
No grazie,Pacman XII,2018,"3,774583333",6
Lo sappiamo entrambi,RIKI,2020,"3,29365",29
Sincero,Tony Boy,2019,"2,914666667",35
Chiamami per nome,Francesca Michielin,2021,"3,7111",55
Un milione di cose da dirti,Ermal Meta,2021,"3,532883333",47
Musica leggerissima,Colapesce,2021,"3,945333333",63
La genesi del tuo colore,Irama,2021,"3,8164",57
Mai dire mai (la locura),Willie Peyote,2021,"3,477733333",51
Dieci,Annalisa,2021,"3,3145",54
Voce,Madame,2021,"3,5235",56
Quando ti sei innamorato,Orietta Berti,2021,"3,666216667",29
Potevi fare di più,Arisa,2021,"4,071766667",42
Amare,Ultimo,2023,"3,303933333",53
Bianca luce nera,EXTRALISCIO,2021,"3,399166667",25
Combat pop,Gabriele Felici,2021,"3,908333333",0
Glicine,Noemi,2021,"3,6184",46
Ti piaci così,Malika Ayane,2021,"3,614",32
Santa Marinella,Fulminacci,2021,"3,684216667",52
Il farmacista,Max Gazzè,2021,"4,193883333",32
Parlami,Fasma,2021,"2,819683333",60
Cuore amaro,Gaia,2021,"2,552616667",37
Fiamme negli occhi,Coma_Cose,2021,"3,43755",58
Momento perfetto,Ghemon,2021,"3,192616667",35
Quando trovo te,Francesco Renga,2021,"3,82685",32
Arnica,Gio Evan,2021,"3,067183333",38
E invece sì,Bugo,2021,"3,868216667",26
Ora,Sfera Ebbasta,2023,"3,339283333",62
Torno a te,Random,2021,"3,448",31
O forse sei tu,Elisa,2022,"3,89295",59
Apri tutte le porte,Gianni Morandi,2022,"3,722433333",44
Ovunque sarai,Irama,2022,"3,340466667",58
Farfalle,sangiovanni,2022,"2,733333333",58
Ogni volta è così,Emma,2022,"3,447616667",48
Ciao ciao,La rappresentante di lista,2022,"3,07185",57
Lettera di là dal mare,Massimo Ranieri,2022,"3,635333333",35
Dove si balla,Dargen D'Amico,2022,"3,301366667",60
Inverno dei fiori,Michele Bravi,2022,"2,937516667",49
Virale,Matteo Romano,2022,"3,076",53
Sei tu,Andrew Underberg,2024,"1,0042",61
Perfetta così,Aka 7even,2022,"2,829166667",48
Domenica,Coez,2019,"3,3591",62
Ti amo non lo so dire,Noemi,2022,"3,62055",45
Chimica,Donatella Rettore,2022,"3,021866667",32
Insuperabile,Rkomi,2022,"2,87435",60
"Tuo padre, mia madre, Lucia",Giovanni Truppi,2022,"3,797766667",28
Abbi cura di te,Highsnob,2022,"3,32515",47
Ora e qui,Gruppo Palude,2021,"3,723966667",0
Tantissimo,Le Vibrazioni,2022,"3,124383333",43
Miele,Gigi D'Alessio,2002,"3,968883333",49
Duecentomila ore,Ana Mena,2022,"3,003966667",49
Sesso occasionale,Tananai,2022,"3,265383333",60
Cenere,Lazza,2022,"3,47205",70
Supereroi,Mr.Rain,2023,"3,25",70
Alba,Vasco Rossi,1984,"4,092216667",56
Tango,Tananai,2022,"3,484366667",68
Parole dette male,Giorgia,2023,"3,107",47
Il bene nel male,Madame,2023,"3,552383333",62
Made in Italy,Rosa Chemical,2023,"2,968",62
Due,Marco Mengoni,2023,"3,760866667",67
Splash,MV Killa,2020,"2,88",56
Lasciami,Modà,2023,"3,64555",52
Quando ti manca il fiato,Gianluca Grignani,2023,"4,21925",45
L'addio,Giuni Russo,1981,"4,847333333",30
Mare di guai,ARIETE,2023,"3,4081",55
Se poi domani,LDA,2023,"3,48155",50
Un bel viaggio,Articolo 31,2023,"3,639916667",54
Furore,Paola & Chiara,2023,"2,946966667",55
Terzo cuore,Leo Gassmann,2023,"3,631266667",49
Duemilaminuti,Mara Sattei,2023,"3,749883333",62
Non mi va,Colla Zio,2023,"2,445483333",46
Lettera 22,Cugini Di Campagna,2023,"3,596",45
Mostro,Mostro,2017,"1,183333333",60
Vivo,Andrea Bocelli,1995,"4,4264",54
Polvere,Tedua,2020,"4,216516667",63
Sali (canto dell'anima),Anna Oxa,2023,"4,215183333",42
Stupido,Massimo Pericolo,2021,"3,12385",67
Egoista,Shari,2023,"2,887966667",45
Cause perse,Sethu,2023,"2,350866667",44